canonical_name,display_name,record_count,qb_company_name,qb_customer_id,match_type
"ar mays","AR Mays","371","","","NONE"
"willmeng","Willmeng","340","","","NONE"
"layton","Layton Construction Company","327","Layton Construction Company","Layton Construction Company:Cavasson MOB & Retail","EXACT"
"chasse building","Chasse Building Team","283","Chasse Building Team","Chasse Building Team:3900 S 55th Ave","EXACT"
"ryan companies","Ryan Companies","198","","","NONE"
"core","Core Construction","196","Core Construction","Core Construction:CoG Fire Department (14051 N 59th)","EXACT"
"mt","MT Builders","194","MTI- Mitchell General","MTI- Mitchell General:Farmer Bros (22430 E Ocotillo)","STARTS_WITH"
"alexander","Alexander Building Co","192","Alexander Building Company","Alexander Building Company","STARTS_WITH"
"brycon","Brycon","169","Brycon Corporation","Brycon Corporation:25-308 Watkins Jail - Phoenix","STARTS_WITH"
"lge design","LGE Design Build","161","LGE Design Build","LGE Design Build:7501 E Redfield Road","EXACT"
"clay","Clayco","158","Clayco","Clayco:Cubes at Meridian 24","EXACT"
"fcl","FCL Builders","141","","","NONE"
"wd construction llc weis builders","WD Construction LLC (Weis Builders)","134","","","NONE"
"gcon","GCON","130","GCON Inc","GCON Inc:250145 - 3150 W Lower Buckeye Rd","STARTS_WITH"
"haydon building","Haydon Building Corp","113","Haydon Building Corp","Haydon Building Corp:Anthem Pickleball Expansion","EXACT"
"bayley","Bayley","108","","","NONE"
"caliente","Caliente Construction","104","Caliente Construction","Caliente Construction:Busy Bees Brown Rd","EXACT"
"wespac","Wespac Construction","103","Wespac Construction","Wespac Construction:Mayo Casita #4- Labor & Fees","EXACT"
"haydon","Haydon","102","Haydon Building Corp","Haydon Building Corp:Anthem Pickleball Expansion","STARTS_WITH"
"holder","Holder","99","Holder Construction Co.","Holder Construction:AE PHX06- Ph.1","STARTS_WITH"
"big-d","Big-D","98","","","NONE"
"wood partners","Wood Partners","96","Wood Partners","Wood Partners:Alta Goodyear","EXACT"
"suntec concrete","Suntec Concrete                                  (Need PO #'s)","96","","","NONE"
"tlw","TLW Construction","87","TLW Construction","TLW Construction:Chandler Heights Self Storage","EXACT"
"agate","Agate","87","Agate Construction","Agate now Primak:Chapman Camelback BMW Lot Expansion","STARTS_WITH"
"ap southwest","AP Southwest","84","","","NONE"
"ar","ARCO","81","ARC Construction","ARC Construction","STARTS_WITH"
"renaissance","Renaissance Companies","70","Renaissance Companies","Renaissance Companies:32nd St. and Baseline Shops","EXACT"
"csi","CSI Construction Company","68","CSI Construction Company","CSI Construction Company:Heritage North","EXACT"
"mcshane","McShane Construction Company","66","McShane Construction Company","McShane Construction Company:Apartments at 48th Street & Washington","EXACT"
"roers general","Roers General Contracting LLC","62","","","NONE"
"we oneil","WE ONeil","60","","","NONE"
"graycor","Graycor","60","Graycor","Graycor:13255 Sweetwater Dr -  Surprise","EXACT"
"bpr companies","BPR Companies","60","BPR Companies","BPR Companies:GSQ Block A1-A2","EXACT"
"okland","Okland Construction","57","","","NONE"
"vequity","Vequity Construction","57","","","NONE"
"weitz","Weitz Construction","56","","","NONE"
"wd","WD Construction","56","WD Construction (Weis Builders)","WD Construction (Weis Builders):Aviata","STARTS_WITH"
"greystar development","Greystar Development & Construction","56","","","NONE"
"dpr","DPR Construction","54","DPR Construction Company","DPR Construction Company","STARTS_WITH"
"bleuwave","Bleuwave","54","Bleuwave","Bleuwave:AFCU Mesa Baseline","EXACT"
"41 north contractors","41 North Contractors","54","","","NONE"
"whiting turner","Whiting Turner","52","","","NONE"
"mccarthy building companies","McCarthy Building Companies","52","","","NONE"
"adolfson peterson","Adolfson & Peterson","51","Adolfson & Peterson","Adolfson & Peterson","EXACT"
"boldt","Boldt","51","","","NONE"
"alston","Alston Construction","49","Alston Construction","Alston Construction:28th Ave Conversion","EXACT"
"double aa builders ltd",""Double AA Builders","8","","","NONE"
"thompson thrift","Thompson Thrift Construction","47","","","NONE"
"hunter","Hunter","47","","","NONE"
"mccarthy","McCarthy","46","","","NONE"
"greystar","Greystar","45","","","NONE"
"catamount constructors","Catamount Constructors","45","Catamount Constructors","Catamount Constructors:1650 S Bullard","EXACT"
"khovnanian","K.Hovnanian","44","","","NONE"
"lr cowan concrete","L.R. Cowan Concrete Co","44","L.R. Cowan Concrete Co","L.R. Cowan Concrete Co:12221 W Cactus","EXACT"
"concord general","CONCORD GENERAL CONTRACTING","43","Concord General Contracting","Concord General Construction:Cornerstone Church Bldg E","EXACT"
"nitti","Nitti Builders","42","Nitti DAC LLC","Nitti DAC LLC:55 E Pinnacle Peak Rd - Phoenix","STARTS_WITH"
"greenlight","Greenlight Construction","42","","","NONE"
"mti- mitchell","MTI- Mitchell","40","MTI- Mitchell General","MTI- Mitchell General:Farmer Bros (22430 E Ocotillo)","STARTS_WITH"
"torrent","Torrent","40","Torrent Resources","Torrent Resources","STARTS_WITH"
"chasse","Chasse","39","Chasse Building Team","Chasse Building Team:3900 S 55th Ave","STARTS_WITH"
"mill creek residential","Mill Creek Residential","39","Mill Creek Residential","Mill Creek Residential:Amavi Queen Creek","EXACT"
"jlb","JLB Builders","38","","","NONE"
"ganem","Ganem Construction","37","","","NONE"
"mti-mitchell","MTI-Mitchell General Contracting","37","","","NONE"
"ed smith","E.D. Smith Paving","36","E.D. Smith Paving Inc.","E.D. Smith Paving Inc.","STARTS_WITH"
"bjerk","Bjerk","35","","","NONE"
"redpoint","RedPoint Contracting","35","RedPoint Contracting","RedPoint Contracting:881- Mesa Gateway 202- Offsite","EXACT"
"path","Path Construction","35","","","NONE"
"sunland asphalt","Sunland Asphalt","34","Sunland Asphalt","Sunland Asphalt:1221 E Mckellips - Mesa","EXACT"
"overland","Overland Construction","34","","","NONE"
"smart choice","Smart Choice Construction","34","Smart Choice Construction LLC","Smart Choice Construction LLC:11416 N 66th St - Scottsdale","STARTS_WITH"
"idm builds","IDM Builds AZ","34","","","NONE"
"brinkman constructors","Brinkman Constructors","34","","","NONE"
"blucor send tickets","Blucor                                     ****Send tickets***","34","","","NONE"
"markham","Markham Contracting Co","33","Markham Contracting","Markham Contracting:Ross DC8 Grading- Buckeye","STARTS_WITH"
"pwi","PWI","33","PWI Residential Inc.","PWI Residential Inc.:#21-R02- Hillside Residence","STARTS_WITH"
"fcl builders arizona","FCL Builders Arizona","33","","","NONE"
"dickens quality","Dickens Quality Demo","32","Dickens Quality Demolition","Dickens Quality Demolition:4801 E Thistle Landing Drive- Phoenix","STARTS_WITH"
"travis custom homes","Travis Custom Homes","32","Travis Custom Homes","Travis Custom Homes","EXACT"
"tofel dent","Tofel Dent","32","Tofel Dent Construction","Tofel Dent Construction:Acacia Heights","STARTS_WITH"
"abernathey","Abernathey Development","31","Abernathey Development","Abernathey Development:Cactus Storage","EXACT"
"reliance commercial","Reliance Commercial Construction Inc.","31","Reliance Commercial Construction Inc.","Reliance Commercial Construction Inc.","EXACT"
"3411","3411 Builders","30","","","NONE"
"mcmanus","McManus","29","","","NONE"
"pride","Pride Contracting","29","","","NONE"
"embrey","Embrey Builders","29","","","NONE"
"eleven western","Eleven Western Builders","29","Eleven Western Builders Inc.","Eleven Western Builders Inc.","STARTS_WITH"
"garden communities","Garden Communities","29","","","NONE"
"edge","Edge Construction","28","Edge Construction","Edge Construction:Desert Thunder Elementary","EXACT"
"sodella","SoDella Construction","27","","","NONE"
"emj","EMJ Construction","27","","","NONE"
"ricor","Ricor","27","Ricor Incorporated","Ricor Incorporated","STARTS_WITH"
"pacificap","Pacificap Construction","27","","","NONE"
"mortenson","Mortenson","27","Mortenson","Mortenson Construction:Project Discovery","EXACT"
"arco murray","Arco Murray","27","","","NONE"
"bpr","BPR","27","BPR Companies","BPR Companies:GSQ Block A1-A2","STARTS_WITH"
"double aa","Double AA Builders","26","","","NONE"
"sandstorm","Sandstorm Construction","26","Sandstorm Construction","Sandstorm Construction","EXACT"
"bfl","BFL","26","","","NONE"
"jackson dean","Jackson Dean","26","Jackson Dean Construction","Jackson Dean Construction","STARTS_WITH"
"westates","Westates Construction","26","Westates Construction","Westates Construction:1145 S Rowen","EXACT"
"sdb","SDB","25","SDB Inc.","SDB Inc.","STARTS_WITH"
"low mountain","Low Mountain Construction","25","Low Mountain Construction","Low Mountain Construction","EXACT"
"sd crane","SD Crane Builders","25","","","NONE"
"frontera building","Frontera Building Company","25","Frontera Building Company","Frontera Building Company:10211 N 32nd St - Phoenix","EXACT"
"maris","Maris Construction","24","","","NONE"
"the whiting turner","THE WHITING TURNER COMPANY","24","The Whiting Turner Co.","The Whiting Turner Co.:Buckeye Verrado (1355 N Verrado Way)","STARTS_WITH"
"true north",""True North Builders","7","","","NONE"
"pegasus","Pegasus Construction","23","","","NONE"
"sundt","Sundt Construction","23","Sundt Construction","Sundt Construction:Royal Oaks","EXACT"
"wolff",""Wolff Construction","6","","","NONE"
"garrett","Garrett Construction","23","","","NONE"
"rapi","Rapi","23","","","NONE"
"sparrow partners","Sparrow Partners","22","Sparrow Partners","Sparrow Partners","EXACT"
"four leaf","Four Leaf Construction","22","Four Leaf Construction","Four Leaf Construction","EXACT"
"maydall","Maydall","22","Maydall Construction","Maydall Construction","STARTS_WITH"
"rytan","Rytan","22","","","NONE"
"mt2","MT2","22","","","NONE"
"derek engineering","Derek Engineering Inc","22","","","NONE"
"armays","ARMAYS","22","","","NONE"
"kdc",""KDC Construction","6","","","NONE"
"mitchell","Mitchell General Contracting","21","","","NONE"
"hensel phelps","Hensel Phelps","21","Hensel Phelps","Hensel Phelps","EXACT"
"blade runners","Blade Runners","21","Blade Runners","Blade Runners:1100 N 127th Ave","EXACT"
"greenberg","Greenberg Construction","21","","","NONE"
"hardison downey","Hardison Downey","21","","","NONE"
"jetaway power washing","Jetaway Power Washing","21","Jetaway Power Washing","Jetaway Power Washing","EXACT"
"sigma","Sigma Contracting","20","SIGMA Contracting","SIGMA Contracting","EXACT"
"ap global","AP Global","20","AP Global Contractors","AP Global Contractors:12250 N Sarival","STARTS_WITH"
"mycon","MYCON General Contractors","20","","","NONE"
"schnitzer properties","Schnitzer Properties","20","Schnitzer Properties","Schnitzer Properties","EXACT"
"path construction southwest","Path Construction Southwest","20","","","NONE"
"guthrie general","Guthrie General","19","","","NONE"
"fd","FD Construction","19","","","NONE"
"sub 4","Sub 4 Development Company","19","","","NONE"
"caruso","Caruso","19","","","NONE"
"keystone","Keystone Homes","19","Keystone Homes","Keystone Homes:Gilbert (4343 E Warner Road)","EXACT"
"robert e porter",""Robert E. Porter Construction Co.","7","","","NONE"
"big d","Big D","19","","","NONE"
"integrity","INTEGRITY BUILDING","18","","","NONE"
"parkway","Parkway Construction","18","Parkway Construction and Associates","Parkway Construction and Associates:Andretti Glendale (99th Ave & Maryland)","STARTS_WITH"
"schaefer","Schaefer","18","Schaefer Construction","Schaefer Construction","STARTS_WITH"
"southern arizona paving","Southern Arizona Paving","18","Southern Arizona Paving","Southern Arizona Paving","EXACT"
"dallas","Dallas Construction","18","Dallas Construction","Dallas Construction","EXACT"
"tb penick sons",""TB Penick & Sons","8","","","NONE"
"johansen interiors","Johansen Interiors","18","","","NONE"
"wp west","WP West Builders","18","","","NONE"
"3411 builders tdc",""3411 Builders / TDC Builders","1","","","NONE"
"zdi","ZDI","17","","","NONE"
"desert build","Desert Build Construction","17","","","NONE"
"ww clyde","WW Clyde","17","WW Clyde","WW Clyde:Pediment Park 202","EXACT"
"chanen","Chanen","17","Chanen Construction","Chanen Construction:MWU SHVI","STARTS_WITH"
"brinkmann","BRINKMANN CONSTRUCTION","17","Brinkmann Constructors","Brinkmann Constructors:LHM Ford Pro-Elite Phase","STARTS_WITH"
"41 north","41 North","17","","","NONE"
"camelback building","Camelback Building Group","17","Camelback Building Group","Camelback Building Group","EXACT"
"new generation",""New Generation Construction Group","5","","","NONE"
"venn companies","Venn Companies","16","Venn Companies","Venn Companies:16559 N 92nd St - Scottsdale","EXACT"
"pwi residential","PWI Residential","16","PWI Residential Inc.","PWI Residential Inc.:#21-R02- Hillside Residence","STARTS_WITH"
"hanna design","Hanna Design Group","16","","","NONE"
"r2 contractors","R2 Contractors","16","R2 Contractors","R2 Contractors","EXACT"
"nitti dac","Nitti DAC","16","Nitti DAC LLC","Nitti DAC LLC:55 E Pinnacle Peak Rd - Phoenix","STARTS_WITH"
"valley rain","Valley Rain Construction","16","Valley Rain Construction","Valley Rain Construction:Glendale Heroes Regional Park","EXACT"
"adra","Adra Contracting","16","Adra Contracting","Adra Contracting","EXACT"
"ckz management","CKZ Management","16","","","NONE"
"je dunn","JE Dunn Construction","15","JE Dunn Construction","JE Dunn Construction","EXACT"
"canyon building","Canyon Building & Design","15","","","NONE"
"ameris","Ameris Construction","15","Ameris Construction Co.","Ameris Construction Co.","STARTS_WITH"
"aspen interiors","Aspen Interiors","15","Aspen Interiors","Aspen Interiors","EXACT"
"embree","Embree","15","Embree Group","Embree Group","STARTS_WITH"
"radius","Radius","15","Radius Contractors LLC","Radius Contractors LLC:39769 N 106th Pl - Scottsdale","STARTS_WITH"
"buesing","Buesing Corp","15","Buesing Corporation","Buesing Corporation","STARTS_WITH"
"robinson","Robinson Construction Co","15","Robinson Construction Co.","Robinson Construction Co.","STARTS_WITH"
"street lights","Street Lights","15","","","NONE"
"camelot homes","Camelot Homes","15","Camelot Homes","Camelot Homes - Mark Hancock Dev:Arbor Square (2173 N Iowa Street)","EXACT"
"primak aka agate construction","Primak (AKA Agate Construction)","15","","","NONE"
"nittidac","NittiDAC","15","","","NONE"
"century complete wjh","Century Complete WJH","14","","","NONE"
"nextgen","NextGen Builders","14","NextGen Restoration AZ","NextGen Restoration AZ","STARTS_WITH"
"near-cal","Near-Cal","14","NEAR-CAL CORP.","NEAR-CAL CORP.:Focus on the Family Cave Creek","STARTS_WITH"
"streetlights","Streetlights","14","","","NONE"
"mill creek","Mill Creek","14","Mill Creek Residential","Mill Creek Residential:Amavi Queen Creek","STARTS_WITH"
"derek","Derek Builders","14","Derek Builders","Derek Builders:Estrella Commerce Park","EXACT"
"180 degrees","180 Degrees Design","14","180 Degrees Design + Build","180 Degrees Design + Build","STARTS_WITH"
"irwin",""Irwin Construction Company","5","Irwin Construction Company","Irwin Construction Company:531 E Willette","STARTS_WITH"
"sunstone two tree","Sunstone Two Tree","14","Sunstone Two Tree","Sunstone Two Tree:Goldfield Estates","EXACT"
"barker morrissey","Barker Morrissey","14","","","NONE"
"kleven","Kleven","14","Kleven Construction","Kleven Construction","STARTS_WITH"
"phoenix power sweep","Phoenix Power Sweep","14","","","NONE"
"swell steel","Swell Steel","14","","","NONE"
"the weitz","The Weitz Company","14","","","NONE"
"krause anderson","Krause Anderson","14","","","NONE"
"ryan","Ryan","13","Ryan Property Services","Ryan Property Services","STARTS_WITH"
"meritage","Meritage","13","Meritage Homes","Meritage Homes","STARTS_WITH"
"pinnacle","Pinnacle Construction","13","Pinnacle Construction Company","Pinnacle Construction Company","STARTS_WITH"
"innovative building partners","Innovative Building Partners","13","","","NONE"
"alisano","Alisano Corporation","13","Alisano Corporation","Alisano Corporation","EXACT"
"gilbane building","Gilbane Building Company","13","Gilbane Building Company","Gilbane Building Company:Advocacy Center  (1051 America Heros Way)","EXACT"
"curve","Curve Development","12","Curve Development LLC","Curve Development LLC","STARTS_WITH"
"rsg","RSG Builders","12","","","NONE"
"mission constructors","Mission Constructors","12","Mission Constructors","Mission Constructors","EXACT"
"hamilton","Hamilton Builders","12","","","NONE"
"belmont homes","Belmont Homes","12","Belmont Homes","Belmont Homes","EXACT"
"porter kyle",""Porter Kyle Builders","7","","","NONE"
"harris associates","Harris Associates","12","Harris Associates","Harris Associates","EXACT"
"h b","H & B Builders","12","H & B Builders","H & B Builders","EXACT"
"azoulay","AZOULAY Builders LLC.","12","Azoulay Builders LLC","Azoulay Builders LLC","STARTS_WITH"
"desert truss","Desert Truss","12","","","NONE"
"straight arrow","Straight Arrow Construction","12","","","NONE"
"dr horton","DR Horton Inc","12","","","NONE"
"jlb partners","JLB Partners","12","","","NONE"
"us development","US Development & Construction Inc.","12","","","NONE"
"khovanian","K.Hovanian","12","","","NONE"
"fleming complete","Fleming Complete","12","","","NONE"
"wp west builders arizona","WP West Builders Arizona LLC","12","","","NONE"
"mst","MST Construction Company","11","","","NONE"
"ccv","CCV","11","","","NONE"
"sonora west","Sonora West","11","","","NONE"
"waltz","Waltz Construction","11","Waltz Construction","Waltz Construction","EXACT"
"avm","AVM Construction","11","AVM Construction LLC(DO NOT SVC)","AVM Construction LLC(DO NOT SVC)","STARTS_WITH"
"redden","Redden Construction","11","Redden Construction","Redden Construction","EXACT"
"porter brothers","PORTER BROTHERS","11","Porter Brothers","Porter Brothers:ALA Apache Junction (Warner and Meridian)","EXACT"
"atlas building","Atlas Building Group","11","","","NONE"
"lge","LGE","11","LGE Design Build","LGE Design Build:7501 E Redfield Road","STARTS_WITH"
"cambridge","Cambridge","11","","","NONE"
"arrowhead","Arrowhead Builders","11","","","NONE"
"ap","A&P","11","AP Global Contractors","AP Global Contractors:12250 N Sarival","STARTS_WITH"
"sunland","Sunland","11","Sunland Asphalt","Sunland Asphalt:1221 E Mckellips - Mesa","STARTS_WITH"
"owner contractorwillmeng","OWNER/ CONTRACTOR:Willmeng Construction","11","","","NONE"
"marrs","Marrs","10","","","NONE"
"form third","Form Third","10","Form Third","Form Third","EXACT"
"northridge","Northridge Construction","10","Northridge Construction","Northridge Construction","EXACT"
"primus","Primus","10","","","NONE"
"vlmk","VLMK","10","VLMK Engineering + Design","VLMK Engineering + Design:Valencia Airport Center","STARTS_WITH"
"deerfield","Deerfield Construction Co Inc","10","","","NONE"
"desert mountain","Desert Mountain Club","10","","","NONE"
"baldwin","Baldwin","10","","","NONE"
"barker","Barker Contracting Inc","10","","","NONE"
"dirt cheap","Dirt Cheap","10","","","NONE"
"american retail","American Retail Contractors","10","","","NONE"
"do","D&O","10","Doege Development LLC","Doege Development LLC","STARTS_WITH"
"hilbers","HILBERS","10","","","NONE"
"hbi","HBI Construction","10","","","NONE"
"gys general","GYS General Contracting LLC.","10","","","NONE"
"stevens leinweber",""Stevens Leinweber Construction","5","","","NONE"
"arco",""ARCO Construction company","4","Arco/Murray","Arco/Murray:Prime Data Center - Tolleson","STARTS_WITH"
"idm build az",""IDM Build AZ","3","","","NONE"
"dcs","DCS Contracting Inc","10","","","NONE"
"brinkmann constructors","BRINKMANN CONSTRUCTORS","10","Brinkmann Constructors","Brinkmann Constructors:LHM Ford Pro-Elite Phase","EXACT"
"j walters","J Walters Const Co","10","","","NONE"
"lgedesignbuild","LGEDesignBuild","10","","","NONE"
"la casa dulce","La Casa Dulce","10","La Casa Dulce","La Casa Dulce","EXACT"
"nunns","Nunns Construction","9","Nunns Construction","Nunns Construction","EXACT"
"x-wall","X-Wall","9","","","NONE"
"prologis","Prologis","9","Prologis","Prologis","EXACT"
"haskell","Haskell","9","","","NONE"
"koa built","KOA Built","9","KOA Built","KOA Built:5224 N 43rd Place - Phoenix","EXACT"
"cambridge companies","Cambridge Companies","9","","","NONE"
"terra nova","Terra Nova","9","Terra Nova Industries","Terra Nova Industries","STARTS_WITH"
"venture","Venture Construction","9","Venture Construction Company","Venture Construction Company","STARTS_WITH"
"mountainside fitness","Mountainside Fitness","9","Mountainside Fitness","Mountainside Fitness:5320 E Shea Blvd","EXACT"
"sonoran crest","Sonoran Crest","9","Sonoran Crest Construction","Sonoran Crest Construction","STARTS_WITH"
"weems asphalt","Weems Asphalt","9","Weems Asphalt","Weems Asphalt","EXACT"
"fci constructors","FCI Constructors","9","FCI Constructors","FCI Constructors","EXACT"
"camden","Camden Development","9","","","NONE"
"aro","ARO Construction","9","ARO Construction","ARO Construction:ANS (210 S Beck)","EXACT"
"delta","Delta Construction","9","Delta Construction Services LLC","Delta Construction Services LLC","STARTS_WITH"
"sdc","SDC Inc","9","SDC Inc (Scotts Diversified Construction)","SDC Inc (Scotts Diversified Construction","STARTS_WITH"
"hawk","Hawk Builders","9","Hawk Builders","Hawk Builders","EXACT"
"starlight homes","Starlight Homes","9","Starlight Homes","Starlight Homes:Amarillo Creek","EXACT"
"advanced development building","Advanced Development Building Services LLC","9","","","NONE"
"wd construction weis builders","WD Construction (Weis Builders)","9","WD Construction (Weis Builders)","WD Construction (Weis Builders):Aviata","EXACT"
"devco us","Devco US Construction","9","","","NONE"
"engineered structures","Engineered Structures Inc","9","","","NONE"
"skanska","Skanska","8","Skanska","Skanska","EXACT"
"ace asphalt","Ace Asphalt","8","","","NONE"
"van tassel","Van Tassel","8","Van Tassel Proctor","Van Tassel Proctor","STARTS_WITH"
"burke","Burke Construction Group","8","Burke Construction Group","Burke Construction Group","EXACT"
"verde investments","Verde Investments","8","","","NONE"
"colton constructors","Colton Constructors","8","","","NONE"
"santorini homes","Santorini Homes","8","Santorini Homes","Santorini Homes","EXACT"
"crossland","Crossland Construction Company","8","Crossland Construction Company Inc","Crossland Construction Company Inc","STARTS_WITH"
"madewell","Madewell Construction","8","Madewell Construction","Madewell Construction","EXACT"
"guardian civil","Guardian Civil Contracting","8","","","NONE"
"ashton woods","Ashton Woods Homes","8","Ashton Woods Homes","Ashton Woods Homes","EXACT"
"kennedy design","Kennedy Design","8","Kennedy Design Build","Kennedy Design Build","STARTS_WITH"
"desertbuild companies","DesertBuild Companies LLC","8","","","NONE"
"zona","Zona Builders","8","","","NONE"
"colorcor painting","Colorcor Painting","8","Colorcor Painting","Colorcor Painting","EXACT"
"reigel","Reigel Construction","8","Reigel Construction","Reigel Construction","EXACT"
"beckshar","BeckShar Development","8","BeckShar Development","BeckShar Development","EXACT"
"ideal","Ideal Co Inc","8","Ideal Co Inc.","Ideal Co Inc.","STARTS_WITH"
"catamount","Catamount","8","Catamount Constructors","Catamount Constructors:1650 S Bullard","STARTS_WITH"
"daniel","Daniel Enterprises","8","Daniel Enterprises","Daniel Enterprises","EXACT"
"clark","CLARK CONSTRUCTION GROUP","8","","","NONE"
"englewood",""Englewood Construction","5","","","NONE"
"benson","Benson Construction","8","Benson Systems","Benson Systems","STARTS_WITH"
"blucor","Blucor","8","Blucor Contracting Inc","Blucor Contracting Inc:4705 E McKellips Road","STARTS_WITH"
"sun valley","Sun Valley Landscape","8","Sun Valley Landscape","Sun Valley Landscape","EXACT"
"beck build","Beck Build","8","","","NONE"
"david weekley homes","David Weekley Homes","8","David Weekley Homes","David Weekley Homes:Artesa at Soleo - San Tan Valley","EXACT"
"k hovnanian homes","K. Hovnanian Homes","8","K. Hovnanian Homes","K. Hovnanian Homes:Laveen Place - Phoenix","EXACT"
"standard","Standard Construction Company","8","","","NONE"
"century communities","Century Communities","8","","","NONE"
"brasfield gorrie","Brasfield & Gorrie","8","Brasfield & Gorrie General Contractors","Brasfield & Gorrie General Contractors","STARTS_WITH"
"pro-low","Pro-Low","8","Pro-Low","Pro-Low","EXACT"
"3411richmond","3411/RICHMOND BUILDERS","8","","","NONE"
"layton constructon","LAYTON CONSTRUCTON COMPANY","8","","","NONE"
"verde building","Verde Building Corporation","8","","","NONE"
"canyon country",""Canyon Country Contracting","2","","","NONE"
"core ready mix","Core Ready Mix","8","Core Ready Mix","Core Ready Mix","EXACT"
"haworth","Haworth","8","Haworth Corporation","Haworth Corporation","STARTS_WITH"
"mcshane constuction","McShane Constuction","8","","","NONE"
"pro steel structural","Pro Steel Structural","8","Pro Steel Structural","Pro Steel Structural","EXACT"
"the renaissance companies","The Renaissance Companies","8","","","NONE"
"big d construction southwest","Big D Construction Southwest","8","","","NONE"
"renaissancecompanies","RenaissanceCompanies","8","","","NONE"
"eos","EOS Builders","7","","","NONE"
"idm","IDM","7","IDM Construction AZ LLC","IDM Construction AZ LLC:29th Ave and Bronco Butte","STARTS_WITH"
"gray west","Gray West Construction","7","","","NONE"
"penta building","Penta Building Group","7","","","NONE"
"gallo","Gallo","7","","","NONE"
"city property management","City Property Management Company","7","City Property Management Company","City Property Management Company","EXACT"
"guefen","GUEFEN CONSTRUCTION","7","","","NONE"
"crown","Crown Builders","7","","","NONE"
"fore","Fore Construction","7","","","NONE"
"commonwealth","Commonwealth Electric Company","7","Commonwealth Electric Company","Commonwealth Electric Company:Ward (1965 E Hermosa)","EXACT"
"richard","Richard Group","7","Richard Group LLC","Richard Group LLC","STARTS_WITH"
"united contractors","United Contractors","7","","","NONE"
"achen gardner","Achen Gardner","7","Achen Gardner","Achen Gardner","EXACT"
"chase carson white","Chase Carson & White","7","","","NONE"
"lloyd","Lloyd Construction Company","7","","","NONE"
"ckz","CKZ Holdings","7","","","NONE"
"ngc",""NGC Group","4","","","NONE"
"kraus-anderson","Kraus-Anderson","7","","","NONE"
"abernathy","Abernathy Development","7","","","NONE"
"alcorn","Alcorn","7","","","NONE"
"arcadia","Arcadia Builders LLC","7","Arcadia Communities","Arcadia Communities","STARTS_WITH"
"concord","CONCORD","7","Concord General Contracting","Concord General Construction:Cornerstone Church Bldg E","STARTS_WITH"
"southwest commercial","Southwest Commercial Builders","7","","","NONE"
"gonzales",""Gonzales Asphalt","3","","","NONE"
"big-d construction southwest","BIG-D CONSTRUCTION SOUTHWEST","7","","","NONE"
"opus design","Opus Design Build","7","","","NONE"
"trinsic residential","Trinsic Residential Group (TRB)","7","Trinsic Residential Group","Trinsic Residential Group","STARTS_WITH"
"ueb","UEB","7","","","NONE"
"desert","Desert Services","7","Desert Archaelogy","Desert Archaelogy","STARTS_WITH"
"itsa","ITSA Contracting","7","","","NONE"
"armstrong","ARMSTRONG","7","","","NONE"
"alliance residential","Alliance Residential Builders","7","Alliance Residential","Alliance Residential","EXACT"
"willmeng need job","Willmeng                              (Need Job #)","7","","","NONE"
"thewhitingturner","TheWhitingTurner","7","","","NONE"
"porter bros","Porter Bros Inc","7","","","NONE"
"christy company architecture","Christy & Company Architecture","7","","","NONE"
"mt2 llc - metals treatment technologies",""MT2","2","","","NONE"
"swb paving","SWB Paving","6","SWB Paving","SWB Paving","EXACT"
"hardrock concrete","Hardrock Concrete","6","Hardrock Concrete Placement","Hardrock Concrete Placement","STARTS_WITH"
"frontera","Frontera","6","Frontera Building Company","Frontera Building Company:10211 N 32nd St - Phoenix","STARTS_WITH"
"abc asphalt","ABC Asphalt LLC","6","ABC Asphalt LLC","ABC Asphalt LLC","EXACT"
"kruidener","Kruidener Construction","6","Kruidener Construction","Kruidener Construction","EXACT"
"jn pebler","JN Pebler","6","","","NONE"
"fleming","Fleming","6","","","NONE"
"cdo","CDO Group","6","","","NONE"
"capital","Capital R Construction","6","","","NONE"
"collaborative","Collaborative Construction","6","","","NONE"
"mtv","MTV General Contractors","6","MTV General Contractors","MTV General Contractors","EXACT"
"vcc","VCC LLC","6","VCC LLC","VCC LLC","EXACT"
"key","Key Construction Inc","6","Keystone Homes","Keystone Homes:Gilbert (4343 E Warner Road)","STARTS_WITH"
"equiteam","Equiteam","6","","","NONE"
"patterson","Patterson Enterprises","6","Patterson & Dewer","Patterson & Dewer","STARTS_WITH"
"us","US Development","6","US Transport","US Transport","STARTS_WITH"
"patio design","Patio Design Group","6","","","NONE"
"constructable","Constructable","6","","","NONE"
"gable family","Gable Family Builders","6","Gable Family Builders","Gable Family Builders","EXACT"
"mark scott","Mark Scott Construction","6","Mark Scott Construction Inc","Mark Scott Construction Inc:USPS Phoenix SDC- Ph2","STARTS_WITH"
"days excavating","DAYS EXCAVATING INC","6","","","NONE"
"blackhawk","Blackhawk Construction LLC","6","","","NONE"
"empire","Empire Construction","6","Empire Construction","Empire Construction","EXACT"
"my storage","My Storage Group","6","","","NONE"
"sauers","SAUERS LOPEZ CONSTRUCTION INC","6","","","NONE"
"montezuma paving","Montezuma Paving","6","","","NONE"
"reliance","Reliance","6","Reliance Build Inc","Reliance Build Inc. - RBI","STARTS_WITH"
"f1 paving grading","F1 Paving & Grading","6","","","NONE"
"loberg","Loberg Construction","6","","","NONE"
"new legacy","New Legacy","6","","","NONE"
"mhm","MHM Builders","6","","","NONE"
"hansen","Hansen Construction","6","","","NONE"
"hbi contruction","HBI Contruction","6","","","NONE"
"perini","Perini","6","","","NONE"
"southwest earthwork","Southwest Earthwork","6","Southwest Earthwork","Southwest Earthwork:2nd Ave Commons (140 W 2nd Ave)","EXACT"
"opus","OPUS","6","","","NONE"
"richard richard","RICHARD & RICHARD CONSTRUCTION","6","","","NONE"
"canyon pipeline","Canyon Pipeline","6","","","NONE"
"path constrution","Path Constrution","6","","","NONE"
"wood partners bill on the 14th monthly","Wood Partners                  Bill on the 14th Monthly","6","Wood Partners","Wood Partners:Alta Goodyear","STARTS_WITH"
"schifferer built","Schifferer Built","6","Schifferer Built LLC","Schifferer Built LLC","STARTS_WITH"
"tdc properties","TDC Properties","6","","","NONE"
"weis","Weis Builders Inc","6","","","NONE"
"near cal","Near Cal Corporation","6","","","NONE"
"menlo equties","Menlo Equties","6","","","NONE"
"mtv general","MTV General","5","MTV General Contractors","MTV General Contractors","STARTS_WITH"
"omada","OMADA","5","","","NONE"
"sunbelt rentals","Sunbelt Rentals","5","Sunbelt Rentals Building Supply","Sunbelt Rentals Building Supply","STARTS_WITH"
"mcgrath","McGrath Construction","5","","","NONE"
"amg associates","AMG & Associates","5","AMG & Associates Inc","AMG & Associates Inc","STARTS_WITH"
"katerra","Katerra","5","","","NONE"
"foundation e","Foundation E Construction","5","Foundation E Construction","Foundation E Construction","EXACT"
"venn","Venn Construction","5","Venn Companies","Venn Companies:16559 N 92nd St - Scottsdale","STARTS_WITH"
"desert vista concrete","Desert Vista Concrete                               (Need PO's numbers)","5","","","NONE"
"rummel","Rummel","5","","","NONE"
"red rock","Red Rock Contracting","5","","","NONE"
"arcadia communities","Arcadia Communities","5","Arcadia Communities","Arcadia Communities","EXACT"
"lennar","Lennar","5","","","NONE"
"gray","Gray","5","Gray Properties","Gray Properties","STARTS_WITH"
"aspire","Aspire Builders","5","","","NONE"
"gss companies","GSS Companies","5","","","NONE"
"brookfield properties","BROOKFIELD PROPERTIES","5","","","NONE"
"jon kitchell","Jon Kitchell","5","Jon Kitchell .","Jon Kitchell .:101 E Jackson St - Phoenix","STARTS_WITH"
"the sj anderson","The S.J. Anderson","5","The S.J. Anderson Co.","The S.J. Anderson Co.","STARTS_WITH"
"kopras homes","Kopras Homes","5","","","NONE"
"commerce","Commerce Construction","5","","","NONE"
"ascent companies","Ascent Companies","5","","","NONE"
"clune","Clune","5","Clune Construction","Clune Construction","STARTS_WITH"
"ruben","Ruben Contracting","5","Ruben Contracting LLC","Ruben Contracting LLC","STARTS_WITH"
"d mccarty","D. McCarty Construction","5","","","NONE"
"structr","Structr Group","5","","","NONE"
"jomax","Jomax Builders","5","","","NONE"
"cg schmidt","CG Schmidt","5","CG Schmidt","CG Schmidt","EXACT"
"charter one","Charter One Development","5","Charter One Development LLC","Charter One Development LLC","STARTS_WITH"
"sonoran waters","Sonoran Waters","5","Sonoran Waters","Sonoran Waters:4816 S Cosmic","EXACT"
"caldwell watza","Caldwell Watza Construction","5","","","NONE"
"starwood custom homes","Starwood Custom Homes","5","Starwood Custom Homes","Starwood Custom Homes","EXACT"
"on-site","On-site Builders","5","","","NONE"
"diamond custom homes","Diamond Custom Homes","5","","","NONE"
"mike lanning","Mike Lanning","5","","","NONE"
"zzone","Zzone Construction","5","","","NONE"
"pdi","PDI","5","PDI Construction","PDI Construction","STARTS_WITH"
"colley","Colley","5","","","NONE"
"johnson carlier","Johnson Carlier","5","","","NONE"
"khov","KHOV","5","","","NONE"
"sierra springs","Sierra Springs Contracting","5","","","NONE"
"oracle","Oracle","5","","","NONE"
"princeton","Princeton Construction","5","Princeton Construction","Princeton Construction","EXACT"
"camden living","CAMDEN LIVING","5","","","NONE"
"weitz constructions","WEITZ CONSTRUCTIONS","5","","","NONE"
"cachet homes","Cachet Homes","5","Cachet Homes","Cachet Homes","EXACT"
"kitchell contractors","Kitchell Contractors","5","","","NONE"
"la casa dulce invoice by the 4th - they send waiver","La Casa Dulce                      (Invoice by the 4th - They send waiver )","5","La Casa Dulce","La Casa Dulce","STARTS_WITH"
"mccain","McCain Construction","5","McCain Construction LLC","McCain Construction LLC","STARTS_WITH"
"tripointe homes maracay homes bill on the 5th monthly","Tripointe Homes / Maracay Homes           Bill on the 5th Monthly","5","Tripointe Homes","Tri Pointe Homes (Maracay Homes)","STARTS_WITH"
"z-modular or mod soulutions","Z-Modular or Mod Soulutions","5","","","NONE"
"shawmut design and","Shawmut Design and Construction","5","Shawmut Design and Construction","Shawmut Design and Construction","EXACT"
"the penta building","The PENTA Building Group","5","","","NONE"
"slr contractor parties","SLR Contractor Parties","5","","","NONE"
"commerce construction co lp","Commerce Construction Co LP","5","","","NONE"
"channen mid-western","Channen Mid-western","5","","","NONE"
"owner contractorengineered structures","OWNER/ CONTRACTOR:Engineered Structures Inc","5","","","NONE"
"l keeley","L Keeley Construction","4","","","NONE"
"riggs companies","Riggs Companies","4","","","NONE"
"moss custom homes","Moss Custom Homes","4","Moss Custom Homes","Moss Custom Homes","EXACT"
"ss","S&S","4","","","NONE"
"twg","TWG Construction","4","","","NONE"
"f roberts","F Roberts","4","","","NONE"
"gilbane","Gilbane","4","Gilbane Building Company","Gilbane Building Company:Advocacy Center  (1051 America Heros Way)","STARTS_WITH"
"dan volcko","Dan  Volcko","4","","","NONE"
"shaw","Shaw & Company","4","Shawmut Design and Construction","Shawmut Design and Construction","STARTS_WITH"
"bel southwest","Bel Southwest","4","","","NONE"
"plenium","Plenium Builders","4","Plenium Builders","Plenium Builders","EXACT"
"bc home","BC Home Builders","4","BC Home Builders LLC","BC Home Builders LLC","STARTS_WITH"
"dg fenn","DG Fenn","4","","","NONE"
"shambaugh","Shambaugh & Son","4","","","NONE"
"brimley","Brimley Development","4","Brimley Development","Brimley Development","EXACT"
"beztak companies","Beztak Companies","4","","","NONE"
"mission realty","Mission Realty","4","","","NONE"
"cti","CTI Construction","4","CTI Construction","CTI Construction","EXACT"
"brinkman","Brinkman","4","Brinkmann Constructors","Brinkmann Constructors:LHM Ford Pro-Elite Phase","STARTS_WITH"
"png","PNG BUILDERS","4","PNG Builders","PNG Builders","EXACT"
"indicap","Indicap","4","","","NONE"
"wds architecture","WDS Architecture","4","","","NONE"
"capex","Capex Construction","4","","","NONE"
"boulder creek camp verde","BOULDER CREEK CAMP VERDE LLC","4","","","NONE"
"k2 electric","K2 Electric","4","K2 Electric","K2 Electric","EXACT"
"miller watkins","Miller Watkins","4","","","NONE"
"headley rob",""Headley","2","","","NONE"
"ame electrical","AME Electrical Contracting","4","","","NONE"
"stout",""Stout","4","","","NONE"
"roers companies","Roers Companies","4","","","NONE"
"a finer touch","A finer Touch","4","A Finer Touch Construction","A Finer Touch Construction","STARTS_WITH"
"tbl","TBL Group","4","","","NONE"
"colorcor","Colorcor","4","Colorcor Painting","Colorcor Painting","STARTS_WITH"
"sektion","Sektion Corp","4","Sektion Corp","Sektion Corp","EXACT"
"paradigm","Paradigm Construction Services","4","Paradigm Construction Services LLC","Paradigm Construction Services LLC","STARTS_WITH"
"soilworks","Soilworks","4","Soilworks","Soilworks","EXACT"
"roxteel","Roxteel","4","Roxteel Industrial","Roxteel Industrial","STARTS_WITH"
"esi","ESI","4","","","NONE"
"royster equipment","Royster Equipment","4","","","NONE"
"alloy","Alloy Corporation","4","Alloy Corporation","Alloy Corporation","EXACT"
"mead hunt","Mead & Hunt","4","","","NONE"
"combs","Combs","4","","","NONE"
"petrie","Petrie Construction","4","","","NONE"
"kalb","Kalb","4","","","NONE"
"findorf","Findorf","4","","","NONE"
"h4u","H4U","4","","","NONE"
"lor","LOR Construction","4","","","NONE"
"jones covey","Jones Covey Group","4","","","NONE"
"torrent resources","Torrent Resources","4","Torrent Resources","Torrent Resources","EXACT"
"radius contractors","Radius Contractors","4","Radius Contractors LLC","Radius Contractors LLC:39769 N 106th Pl - Scottsdale","STARTS_WITH"
"martin harris","Martin Harris Construction","4","","","NONE"
"bergman kprs","Bergman KPRS LLC","4","Bergman KPRS Inc.","Bergman KPRS Inc.","STARTS_WITH"
"fortress","Fortress","4","Fortress Generl Contracting Inc","Fortress General Contracting Inc","STARTS_WITH"
"builders guild","Builders Guild Inc","4","Builders Guild Inc.","Builders Guild Inc.","STARTS_WITH"
"sunbelt","Sunbelt","4","Sunbelt Holdings","Sunbelt Holdings","STARTS_WITH"
"jacobsen","Jacobsen Construction Company","4","Jacobs","Jacobs","STARTS_WITH"
"arc","ARC Construction","4","ARC Construction","ARC Construction","EXACT"
"arizona specialty demolition","Arizona Specialty Demolition","4","Arizona Specialty Demolition LLC","Arizona Specialty Demolition LLC","STARTS_WITH"
"action direct","Action Direct","4","","","NONE"
"agi general","AGI General Contracting","4","AGI General Contracting","AGI General Contracting","EXACT"
"ameri","Americo Builders","4","American Leadership Academy","American Leadership Academy","STARTS_WITH"
"arizona asphalt repair","Arizona Asphalt Repair","4","","","NONE"
"ascent constuction","Ascent Constuction Group","4","","","NONE"
"a e",""A & E Builders","2","","","NONE"
"adot","ADOT","4","","","NONE"
"aztec environmental","Aztec Environmental","4","Aztec Environmental","Aztec Environmental","EXACT"
"abasciano demo","Abasciano Demo","4","Abasciano Demo","Abasciano Demo","EXACT"
"arizona specialy demolition","Arizona Specialy Demolition LLC","4","","","NONE"
"brinkmann contructors","Brinkmann Contructors","4","","","NONE"
"campbell","Campbell Development","4","Campbell Development","Campbell Development","EXACT"
"core construction need job numbers","Core Construction            ******Need Job Numbers*****","4","Core Construction","Core Construction:CoG Fire Department (14051 N 59th)","STARTS_WITH"
"david weekley homes need to add insurance up charge","David Weekley Homes               *Need to add Insurance  up charge*","4","David Weekley Homes","David Weekley Homes:Artesa at Soleo - San Tan Valley","STARTS_WITH"
"greenburg","Greenburg Construction","4","","","NONE"
"holder construction bill by the 15th","Holder Construction            (Bill by the 15th)","4","","","NONE"
"juarez contracting fred 602-688-0653","Juarez Contracting                            Fred 602-688-0653","4","Juarez Contracting","Juarez Contracting","STARTS_WITH"
"lennar multifamily","Lennar Multifamily Builders","4","","","NONE"
"m j","M & J Construction","4","","","NONE"
"mission underground","Mission Underground","4","Mission Underground","Mission Underground","EXACT"
"mosaic building","Mosaic Building Group","4","Mosaic Building Group","Mosaic Building Group","EXACT"
"westates companies","WESTATES COMPANIES","4","","","NONE"
"harsch investment properties","Harsch Investment Properties","4","","","NONE"
"mw morrissey","MW Morrissey","4","MW Morrissey Construction","MW Morrissey Construction","STARTS_WITH"
"ntt global data centers","NTT Global Data Centers","4","","","NONE"
"the garrett","The Garrett Companies","4","","","NONE"
"kiewit infrastructure west","Kiewit Infrastructure West Co","4","","","NONE"
"form third design-build","Form Third Design-Build","4","Form Third","Form Third","STARTS_WITH"
"dmc builders scottsdale","DMC Builders Scottsdale","4","","","NONE"
"desert homes","Desert Homes Development","4","Desert Homes Dev. Inc.","Desert Homes","STARTS_WITH"
"kcg","KCG Inc","4","","","NONE"
"kraus anderson","Kraus Anderson Construction Company","4","","","NONE"
"owner contractorlayton","OWNER/ CONTRACTOR:Layton Construction Company","4","","","NONE"
"owner contractorcsi","OWNER/ CONTRACTOR:CSI Construction Company","4","","","NONE"
"sauers lopez construction in c",""Sauers Lopez Construction","1","","","NONE"
"clark construction group is doing a joint venture with chasse building team","Clark Construction Group (is doing a joint venture with Chasse Building Team)","4","","","NONE"
"gc legacy","GC Legacy Construction","3","","","NONE"
"costa verde homes","Costa Verde Homes","3","","","NONE"
"ec","ECCO","3","","","NONE"
"dakis","Dakis Contracting Inc","3","","","NONE"
"pro steel","Pro Steel","3","Pro Steel Structural","Pro Steel Structural","STARTS_WITH"
"builder one","Builder One","3","Builder One","Builder One","EXACT"
"turner","Turner","3","","","NONE"
"quest","Quest Development Construction","3","Quest Development & Constuction","Quest Development & Constuction","STARTS_WITH"
"eclectic properties","Eclectic Properties","3","","","NONE"
"old world communities","Old World Communities","3","","","NONE"
"keegan","Keegan Builders Inc","3","","","NONE"
"zt 56th street","ZT 56th Street","3","","","NONE"
"modern constructors","Modern Constructors","3","","","NONE"
"rwb","RWB Construction Development","3","","","NONE"
"trinsic","Trinsic","3","Trinsic Residential Group","Trinsic Residential Group","STARTS_WITH"
"degan","Degan Construction","3","Degan Construction","Degan Construction","EXACT"
"tsg constructors","TSG Constructors","3","","","NONE"
"magnum paving","Magnum Paving","3","","","NONE"
"diamond west","Diamond West Construction","3","Diamond West Construction","Diamond West Construction","EXACT"
"regal homes","Regal Homes","3","","","NONE"
"sage","Sage","3","Sage LLC","Sage LLC","STARTS_WITH"
"blattner energy","Blattner Energy","3","Blattner Energy","Blattner Energy","EXACT"
"tippman","Tippman Group","3","Tippmann Construction","Tippmann Construction","STARTS_WITH"
"spinoff","Spinoff Construction","3","Spinoff Construction","Spinoff Construction","EXACT"
"lb west","LB West Construction","3","LB West Construction","LB West Construction","EXACT"
"mcdonald bros","McDonald Bros","3","","","NONE"
"copper sunrise","Copper Sunrise","3","Copper Sunrise LLC","Copper Sunrise LLC","STARTS_WITH"
"prosteel","PROSTEEL STR","3","","","NONE"
"northwind resource consulting","Northwind Resource Consulting","3","","","NONE"
"makers line","Makers Line","3","","","NONE"
"3-g","3-G Construction","3","3-G Construction Co Inc","3-G Construction Co Inc","STARTS_WITH"
"the dwelling companies","THE DWELLING COMPANIES","3","The Dwelling Companies","The Dwelling Companies","EXACT"
"rsi","RSI Construction","3","RSI Construction (Ron Sparks Inc.)","RSI Construction (Ron Sparks Inc.)","STARTS_WITH"
"stansell properties","Stansell Properties Development","3","Stansell Properties & Development","Stansell Properties & Development","STARTS_WITH"
"buffalo","Buffalo Construction","3","","","NONE"
"shrader martinez","Shrader & Martinez Construction","3","Shrader & Martinez","Shrader & Martinez Construction","STARTS_WITH"
"royster","Royster","3","","","NONE"
"pence","Pence Construction","3","Pence Construction","Pence Construction","EXACT"
"frontline","Frontline Construction","3","Frontline Construction","Frontline Construction","EXACT"
"chapman homes","Chapman Homes","3","Chapman Homes","Chapman Homes","EXACT"
"dev","Devco","3","","","NONE"
"velox air","Velox Air","3","Velox Air","Velox Air","EXACT"
"rasch","Rasch","3","","","NONE"
"m anderson","M Anderson Construction Corp","3","","","NONE"
"k hovanian","K Hovanian Homes","3","","","NONE"
"roers","Roers","3","","","NONE"
"agate now primak","Agate now Primak","3","","","NONE"
"ss paving","S&S Paving","3","","","NONE"
"dickens","Dickens","3","Dickens Quality Demolition","Dickens Quality Demolition:4801 E Thistle Landing Drive- Phoenix","STARTS_WITH"
"rkda","RKDA","3","RKDA Construction","RKDA Construction","STARTS_WITH"
"180 degree","180 Degree Design","3","180 Degrees Design + Build","180 Degrees Design + Build","STARTS_WITH"
"claycox phoenix ph2","Clayco:X Phoenix Ph.2","3","Clayco","Clayco:Cubes at Meridian 24","STARTS_WITH"
"quickbooks customer","QuickBooks Customer","3","","","NONE"
"waste management","Waste Management","3","Waste Management","Waste Management:1 WM - Contain Dept","EXACT"
"sj anderson","S.J. ANDERSON","3","","","NONE"
"way","Way Construction","3","Way Construction & Development","Way Construction & Development","STARTS_WITH"
"vlmk engineering design","VLMK Engineering + Design","3","VLMK Engineering + Design","VLMK Engineering + Design:Valencia Airport Center","EXACT"
"accent","Accent","3","","","NONE"
"ascent","Ascent","3","","","NONE"
"atlas","Atlas","3","","","NONE"
"stephan mackos","Stephan Mackos","3","","","NONE"
"kitchell","Kitchell","3","","","NONE"
"rjm","RJM","3","","","NONE"
"tils","Tils","3","Tilson Technology Management","Tilson Technology(DO NOT SERVICE):1360 W Calle Del Norte - Chandler","STARTS_WITH"
"apache sun","Apache Sun Builders","3","","","NONE"
"team fishel","Team Fishel","3","","","NONE"
"balfour beatty","Balfour Beatty Construction","3","Balfour Beatty Construction","Balfour Beatty Construction","EXACT"
"colton","Colton","3","","","NONE"
"wadman","Wadman","3","","","NONE"
"rhino","Rhino Contracting","3","Rhino Contracting AZ","Rhino Contracting AZ","STARTS_WITH"
"rcds","RCDS","3","","","NONE"
"dwa","DWA Construction Co","3","","","NONE"
"embrey partners",""Embrey Partners","2","","","NONE"
"pegasus construcion","PEGASUS CONSTRUCION","3","","","NONE"
"calcon constructors","Calcon Constructors","3","Calcon Constructors","Calcon Constructors","EXACT"
"alta arizona","Alta Arizona","3","Alta Arizona","Alta Arizona","EXACT"
"clark wayland","Clark Wayland Builders","3","","","NONE"
"commonwealth electric company po 70001722 job 378155","Commonwealth Electric Company            (PO 70001722/ Job # 378155)","3","Commonwealth Electric Company","Commonwealth Electric Company:Ward (1965 E Hermosa)","STARTS_WITH"
"dhi communities","DHI COMMUNITIES","3","DHI Communities","DHI Communities","EXACT"
"dickens quality demolition bill 602-653-7015 need tickets pos","Dickens Quality Demolition       (Bill 602-653-7015) (Need tickets & PO's)","3","Dickens Quality Demolition","Dickens Quality Demolition:4801 E Thistle Landing Drive- Phoenix","STARTS_WITH"
"dickens quality demolition mike 602-653-5358 need tickets pos","Dickens Quality Demolition       (Mike 602-653-5358) (Need tickets & PO's)","3","Dickens Quality Demolition","Dickens Quality Demolition:4801 E Thistle Landing Drive- Phoenix","STARTS_WITH"
"elite sports","Elite Sports Builders","3","Elite Sports Builders","Elite Sports Builders","EXACT"
"esi engineered structures inc","ESI (Engineered Structures Inc.)","3","","","NONE"
"gorman","Gorman & Company","3","","","NONE"
"grayling design build","Grayling Design Build","3","","","NONE"
"jj sprague of arizona no po needed","JJ Sprague of Arizona                    (No PO needed)","3","JJ Sprague of Arizona","JJ Sprague of Arizona","STARTS_WITH"
"nautilus","Nautilus General Contractors","3","Nautilus Reconstruction Contracting","Nautilus Reconstruction Contracting","STARTS_WITH"
"parkway construction associates","Parkway Construction & Associates","3","","","NONE"
"quarterra","Quarterra","3","Quarterra Construction","Lennar Mulitfamily Builders:Quarterra- Cave Creek","STARTS_WITH"
"ricor need job tickets bobby 623-692-3539","Ricor                          (NEED JOB # & TICKETS)    Bobby 623-692-3539","3","","","NONE"
"rohm building","Rohm Building & Development","3","Rohm Building & Development","Rohm Building & Development","EXACT"
"rouser conrete","Rouser Conrete","3","","","NONE"
"two hawks design","Two Hawks Design","3","","","NONE"
"way construction","Way Construction   & Development","3","Way Construction & Development","Way Construction & Development","STARTS_WITH"
"pacific","PACIFIC GENERAL CONTRACTORS BUILDERS","3","Pacific Aquascape International","Pacific Aquascape International","STARTS_WITH"
"cardinal capital management","Cardinal Capital Management","3","Cardinal Capital Management","Cardinal Capital Management","EXACT"
"dcbg","DCBG","3","","","NONE"
"linthicum","Linthicum Custom Builders","3","","","NONE"
"park 7","Park 7 Group","3","","","NONE"
"near - cal","NEAR - CAL CORP","3","","","NONE"
"richmond","Richmond Builders","3","","","NONE"
"trez capital","Trez Capital","3","","","NONE"
"sparrow","Sparrow","3","Sparrow Partners","Sparrow Partners","STARTS_WITH"
"alcorn construction arizona","Alcorn Construction Arizona Inc","3","","","NONE"
"fcl builders california","FCL Builders California","3","","","NONE"
"mitchell contractors","Mitchell Contractors","3","","","NONE"
"ma mortenson","MA Mortenson Company","3","","","NONE"
"mc construction management","MC Construction Management","3","","","NONE"
"city of phoenix","City of Phoenix","3","","","NONE"
"colorado structures","Colorado Structures Inc","3","","","NONE"
"ecco equipment","Ecco Equipment Corporation","3","","","NONE"
"mmr constructors","MMR Constructors","3","","","NONE"
"dmc","DMC Builder","3","","","NONE"
"kiewitt western","Kiewitt Western Co.","3","","","NONE"
"channen","Channen Construction","3","","","NONE"
"travis custom homes this was a super fence deal","Travis Custom Homes (This was a super fence deal)","3","Travis Custom Homes","Travis Custom Homes","STARTS_WITH"
"soil works","Soil Works","3","","","NONE"
"steel and spark","Steel and Spark","3","","","NONE"
"owner contractorar mays","OWNER/ CONTRACTOR:AR Mays Construction","3","","","NONE"
"community","Community Development","3","","","NONE"
"owner contractortrue north","OWNER/ CONTRACTOR:True North Builders","3","","","NONE"
"johanson interiors",""Johanson Interiors","1","","","NONE"
"pwi slr","PWI SLR LLC","2","","","NONE"
"braden bott","Braden Bott","2","","","NONE"
"sharp","Sharp Construction","2","Sharp Construction","Sharp Construction","EXACT"
"west coast","West Coast Construction","2","","","NONE"
"jwalters","J.Walters","2","","","NONE"
"bellmont homes","Bellmont Homes","2","","","NONE"
"james square","James Square Development","2","","","NONE"
"dempsey","Dempsey Construction","2","","","NONE"
"preach",""Preach","2","","","NONE"
"becknell","Becknell","2","Becknell Industrial","Becknell Industrial","STARTS_WITH"
"forte homes","Forte Homes","2","Forte Homes","Forte Homes","EXACT"
"prolow","ProLow","2","","","NONE"
"stout building","Stout Building","2","","","NONE"
"tanner leja","Tanner Leja","2","","","NONE"
"capstone","Capstone Construction","2","Capstone Construction","Capstone Construction","EXACT"
"bolte home","Bolte Home","2","","","NONE"
"cc land acquisitions","CC Land Acquisitions","2","","","NONE"
"harsch","Harsch","2","Harsch Inverstment Properties","Schnitzer Properties:Drexel Rd Commerce Center","STARTS_WITH"
"b plus design build","B Plus Design Build","2","B Plus Design Build","B Plus Design Build","EXACT"
"younger brothers","Younger Brothers","2","","","NONE"
"econolight","Econolight","2","","","NONE"
"ashland companies","Ashland Companies","2","","","NONE"
"porchlight homes of arizona","Porchlight Homes of Arizona","2","","","NONE"
"cave creek road partners","Cave Creek Road Partners","2","","","NONE"
"omega","Omega Services","2","","","NONE"
"genova detwiler","Genova Detwiler","2","","","NONE"
"the x","The X Company","2","The X Company","The X Company","EXACT"
"mc","MC Construction","2","McCain Construction LLC","McCain Construction LLC","STARTS_WITH"
"neal colby",""Neal","2","","","NONE"
"neve",""Neve","2","","","NONE"
"finer touch","Finer Touch","2","","","NONE"
"nlw","NLW Enterprises","2","","","NONE"
"superior casegoods","Superior Casegoods","2","Superior Casegoods LLC","Superior Casegoods LLC","STARTS_WITH"
"leigh sears","Leigh Sears","2","Leigh Sears","Leigh Sears","EXACT"
"boyd","Boyd Development","2","Boyd Development Company","Boyd Development Company","STARTS_WITH"
"roadrunner paving","Roadrunner Paving","2","Roadrunner Paving & Asphalt Maintenance","Roadrunner Paving & Asphalt Maintenance","STARTS_WITH"
"tasmanian works","Tasmanian Works","2","","","NONE"
"midwestern","Midwestern","2","Midwestern University","Midwestern University","STARTS_WITH"
"glen branham","Glen Branham","2","Glen Branham Construction LLC","Glen Branham Construction LLC","STARTS_WITH"
"whitmer thomas",""Whitmer","2","","","NONE"
"drive development partners","Drive Development Partners","2","","","NONE"
"gil penunuri","Gil Penunuri","2","","","NONE"
"mears","Mears Group","2","","","NONE"
"torcom","Torcom","2","","","NONE"
"scotts diversified","Scott's Diversified Construction","2","","","NONE"
"alliance residentail","Alliance Residentail","2","","","NONE"
"kapella","Kapella Group","2","Kapella Group","Kapella Group","EXACT"
"bloomfield","Bloomfield Builders","2","Bloomfield Builders","Bloomfield Builders:6835 E Meadowlark Lane","EXACT"
"the remson","The Remson Group","2","The Remson Group","Remson Group","EXACT"
"lott brother","Lott Brother Construction","2","Lott Brother Construction Co LTD","Lott Brother Construction Co LTD","STARTS_WITH"
"sj","SJ Contracting","2","SJ Contracting LLC","SJ Contracting LLC","STARTS_WITH"
"influx building technologies","Influx Building Technologies","2","","","NONE"
"crosslands","Crosslands Construction","2","Crosslands Construction","Crosslands Construction","EXACT"
"helmandollar shad",""Helmandollar","2","","","NONE"
"dwill-mast","Dwill-Mast","2","Dwill-Mast Construction Llc","Dwill-Mast Construction Llc","STARTS_WITH"
"concept commercial","Concept Commercial Construction","2","Concept Commercial Construction","Concept Commercial Construction","EXACT"
"moli","Moli Construction","2","Moli Construction","Moli Construction:1133 E Indian School Rd","EXACT"
"smart",""Smart Builders","2","Smart Builders. LLC","Smart Builders. LLC","STARTS_WITH"
"bcc","BCC","2","","","NONE"
"5228 s blackstone","5228 S Blackstone LLC","2","","","NONE"
"gj","G&J Development","2","","","NONE"
"larson","Larson Development","2","Larson Development Group","Larson Development Group","STARTS_WITH"
"lang james",""Lang","2","","","NONE"
"koa","KOA","2","KOA Built","KOA Built:5224 N 43rd Place - Phoenix","STARTS_WITH"
"christy","Christy & Co","2","Christy & Co Architecture LLC","Christy & Co Architecture LLC","STARTS_WITH"
"gatos demo","Gato's Demo","2","Gato's Demolition","Gato's Demolition","STARTS_WITH"
"pgc","PGC Builders","2","","","NONE"
"joy","Joyco","2","Joyco Construction","Joyco Construction","STARTS_WITH"
"distinctive","Distinctive Development","2","","","NONE"
"embree groupus bank- higley rd- gilbert","Embree Group:US Bank- Higley Rd- Gilbert","2","Embree Group","Embree Group","STARTS_WITH"
"fcl builders llcsummit business park",""FCL Builders","1","","","NONE"
"greenberg constructionbell bank gilbert","Greenberg Construction:Bell Bank Gilbert","2","","","NONE"
"willmeng construction incscahcc health clinic",""Willmeng Construction","1","","","NONE"
"arcomurray12341 s sossaman - mesa","Arco/Murray:12341 S Sossaman - Mesa","2","Arco/Murray","Arco/Murray:Prime Data Center - Tolleson","STARTS_WITH"
"camelot homes - mark hancock dev","Camelot Homes - Mark Hancock Dev","2","Camelot Homes","Camelot Homes - Mark Hancock Dev:Arbor Square (2173 N Iowa Street)","STARTS_WITH"
"hanna design group incautozone 6784- queen creek",""Hanna Design Group","1","","","NONE"
"landco rentals","Landco Rentals LLC","2","Landco Rentals LLC","Landco Rentals LLC","EXACT"
"mcshane construction companyapache river","McShane Construction Company:Apache River","2","McShane Construction Company","McShane Construction Company:Apartments at 48th Street & Washington","STARTS_WITH"
"mcshane construction companywaterview residential","McShane Construction Company:Waterview Residential","2","McShane Construction Company","McShane Construction Company:Apartments at 48th Street & Washington","STARTS_WITH"
"tri pointe homes maracay homes","Tri Pointe Homes (Maracay Homes)","2","","","NONE"
"we oneil55 resort scottsdale","W.E. O'Neil:55 Resort Scottsdale","2","W.E. O'Neil","W.E. O'Neil:55 Resort Scottsdale","STARTS_WITH"
"we oneilgarfield housing ii","W.E. O'Neil:Garfield Housing II","2","W.E. O'Neil","W.E. O'Neil:55 Resort Scottsdale","STARTS_WITH"
"willmeng construction incchandler airpark 202",""Willmeng Construction","2","","","NONE"
"cameron","Cameron General Contractors","2","","","NONE"
"mcgough","McGough Construction","2","","","NONE"
"other customer","Other Customer","2","","","NONE"
"mo25","MO25","2","","","NONE"
"ov remodeling","OV Remodeling","2","OV Remodeling","OV Remodeling:14999 W Mulberry Drive","EXACT"
"peak one","Peak One","2","","","NONE"
"wd construction weis buildersaviara flats","WD Construction (Weis Builders):Aviara Flats","2","WD Construction (Weis Builders)","WD Construction (Weis Builders):Aviata","STARTS_WITH"
"nfc","NFC Contracting Group","2","NFC Contracting Group","NFC Contracting Group","EXACT"
"pristine restoration","Pristine Restoration","2","Pristine Restoration","Pristine Restoration","EXACT"
"baker construction",""Baker Construction & Development","2","","","NONE"
"christofferson","Christofferson","2","","","NONE"
"ndccm","NDCCM","2","","","NONE"
"homes sons","Homes & Sons","2","","","NONE"
"colley constuction","Colley Constuction","2","","","NONE"
"nrp","NRP","2","NRP Contractors II LLC","NRP Contractors II LLC","STARTS_WITH"
"mclaughlin sons","Mclaughlin & Sons","2","","","NONE"
"iron clad","Iron  Clad Construction","2","","","NONE"
"monza","Monza","2","","","NONE"
"hillwood","Hillwood","2","","","NONE"
"icon","ICON","2","","","NONE"
"young swenson cross","Young Swenson & Cross","2","","","NONE"
"sun coast","Sun Coast Builders","2","","","NONE"
"sigma homes","Sigma Homes","2","","","NONE"
"dcb","DCB","2","","","NONE"
"paxton","Paxton","2","","","NONE"
"southwest architectual","Southwest Architectual Builders","2","","","NONE"
"ms square","MS Square","2","","","NONE"
"pro-low low mtn","Pro-Low (low mtn)","2","Pro-Low","Pro-Low","STARTS_WITH"
"azap general","AZAP General Contracting","2","","","NONE"
"knipp","Knipp","2","","","NONE"
"paradise valley property","Paradise Valley Property Maintenance","2","","","NONE"
"killian western","Killian Western","2","","","NONE"
"n e","N & E Construction","2","","","NONE"
"contegra","Contegra","2","","","NONE"
"ce residential","CE Residential","2","","","NONE"
"gateway chevrolet","Gateway Chevrolet","2","","","NONE"
"mmr","MMR","2","","","NONE"
"heiman","Heiman Construction","2","","","NONE"
"bluewave","Bluewave","2","","","NONE"
"shea","Shea","2","","","NONE"
"bell building","Bell Building","2","Bell Building Group","Bell Building Group","STARTS_WITH"
"aft","AFT Construction","2","","","NONE"
"auauthum kid square","AUAUTHUM KID SQUARE CONSTRUCTION","2","","","NONE"
"arco mountain west","Arco Mountain West","2","","","NONE"
"auauthumkidsquareconstruction1922361","AUAUTHUMKIDSQUARECONSTRUCTION1922361","2","","","NONE"
"at meridian","A.T. Meridian","2","A.T. Meridian Construction","A.T. Meridian Construction","STARTS_WITH"
"avalon","Avalon Development","2","","","NONE"
"bluepoint solutions was all pro sweeping","Bluepoint Solutions (Was All Pro Sweeping)","2","","","NONE"
"century complete need waivers","Century Complete                          (Need waivers)","2","","","NONE"
"core construction job 2301013","Core Construction                                       (Job # 23.01.013)","2","Core Construction","Core Construction:CoG Fire Department (14051 N 59th)","STARTS_WITH"
"core construction job 23-01-016","Core Construction                                      (Job # 23-01-016)","2","Core Construction","Core Construction:CoG Fire Department (14051 N 59th)","STARTS_WITH"
"core construction job 24-04-168","Core Construction                            (Job #24-04-168)","2","Core Construction","Core Construction:CoG Fire Department (14051 N 59th)","STARTS_WITH"
"elite underground solutions eus","Elite Underground Solutions / EUS","2","Elite Underground Solutions / EUS","Elite Underground Solutions / EUS:179th Ave & El Cidro Drive","EXACT"
"fortress general contracting send waiver winvoice","Fortress General Contracting                   (Send waiver W/invoice)","2","","","NONE"
"franciscan renewal center","Franciscan Renewal Center","2","Franciscan Renewal Center","Franciscan Renewal Center","EXACT"
"guardian civil contracting llc po 25002-01-09",""Guardian Civil Contracting","1","","","NONE"
"irwin construction company need pos","Irwin Construction Company                 (Need PO's)","2","Irwin Construction Company","Irwin Construction Company:531 E Willette","STARTS_WITH"
"kelley",""Kelley Construction","1","","","NONE"
"knochel bros","Knochel Bros Inc.","2","","","NONE"
"largo concrete in need job and po than email invoice to accounting",""Largo Concrete","1","","","NONE"
"new century","New Century Construction","2","New Century Construction","New Century Construction","EXACT"
"niti dac","Niti Dac LLC","2","","","NONE"
"reigal","Reigal Construction","2","","","NONE"
"robinson construction co need po numbers","Robinson Construction Co                                   (Need PO Numbers)","2","","","NONE"
"sun land asphalt po 38812","Sun Land Asphalt                                    (PO  38812)","2","","","NONE"
"teo pros","Teo Pro's","2","Teo Pro's","Teo Pro's","EXACT"
"tomac","Tomac Development Co","2","Tomac Development CO","Tomac Development CO","EXACT"
"we oneil certified","W.E. O'Neil                                               **Certified***","2","W.E. O'Neil","W.E. O'Neil:55 Resort Scottsdale","STARTS_WITH"
"wall con","Wall Con","2","","","NONE"
"my storge","MY STORGE GROUP","2","","","NONE"
"rasch constructon","RASCH CONSTRUCTON INC","2","","","NONE"
"clune constructiion","CLUNE CONSTRUCTIION","2","","","NONE"
"stevens-leinweber","STEVENS-LEINWEBER","2","","","NONE"
"g and j","G AND J DEVELOPMENT","2","","","NONE"
"pillar properties","PILLAR PROPERTIES","2","","","NONE"
"dooleymack constructors","DOOLEYMACK CONSTRUCTORS LLC","2","","","NONE"
"gallo con","GALLO CON","2","","","NONE"
"lott brothers","LOTT BROTHERS CONSTRUCTION","2","","","NONE"
"layton construction company merged with dc1","LAYTON CONSTRUCTION COMPANY Merged with dc1","2","Layton Construction Company","Layton Construction Company:Cavasson MOB & Retail","STARTS_WITH"
"armays not in contract","ARMAYS Not in Contract","2","","","NONE"
"ron sparks","Ron Sparks","2","","","NONE"
"greenway apartments","Greenway Apartments","2","","","NONE"
"gs-sm city north owner","GS-SM City North Owner","2","","","NONE"
"zom living","Zom Living","2","","","NONE"
"tic the industrial","TIC The Industrial Company","2","","","NONE"
"sagebrush restoration","Sagebrush Restoration","2","Sagebrush Restoration","Sagebrush Restoration","EXACT"
"aptitude apache","Aptitude Apache LLC","2","","","NONE"
"millcreek residential","Millcreek Residential","2","","","NONE"
"cirks","Cirks Construction Inc","2","","","NONE"
"city of chandler-hauler permit coi","City of Chandler-Hauler Permit COI","2","","","NONE"
"pro-low joint venture","Pro-Low Joint Venture","2","Pro-Low","Pro-Low","STARTS_WITH"
"rj gurley custom homes","RJ Gurley Custom Homes","2","","","NONE"
"rouser concrete","Rouser Concrete","2","Rouser Concrete","Rouser Concrete","EXACT"
"rdo equipment","RDO Equipment Co","2","","","NONE"
"rccm","RCCM","2","","","NONE"
"rikoshea contracting concrete","Rikoshea Contracting Concrete","2","Rikoshea Contracting","Rikoshea Contracting","STARTS_WITH"
"image building systems","Image Building Systems","2","","","NONE"
"idg","IDG","2","","","NONE"
"germann road transfer station expansion","Germann Road Transfer Station Expansion","2","","","NONE"
"gs sm city northowner ii","GS SM City NorthOwner II","2","","","NONE"
"gbfr peoriausa","GBFR PeoriaUSA Inc","2","","","NONE"
"gila river indian community office of the treasurer","Gila River Indian Community Office of the Treasurer","2","","","NONE"
"terra nova industries","Terra Nova Industries","2","Terra Nova Industries","Terra Nova Industries","EXACT"
"tennen","Tennen Construction","2","Tennen Construction","Tennen Construction:4164 E St. Joseph Way - Phoenix","EXACT"
"the ramson","The Ramson Group","2","","","NONE"
"tri pointe homes az","Tri Pointe Homes AZ","2","","","NONE"
"tiara sun","Tiara Sun Development","2","Tiara Sun Deveolpment","Tiara Sun Deveolpment:4035 E Hazelwood St - Phoenix","STARTS_WITH"
"tyr tactical","Tyr Tactical","2","","","NONE"
"tucson landing","Tucson Landing","2","","","NONE"
"treger partners","Treger Partners","2","","","NONE"
"tom nichols excavating","Tom Nichols Excavating","2","","","NONE"
"sparrow surprise","Sparrow Surprise","2","","","NONE"
"streamliner 67th avenue","STREAMLINER 67TH AVENUE","2","","","NONE"
"s s paving","S & S Paving Construction","2","S & S Paving","S & S Paving","STARTS_WITH"
"state of arizona","State of Arizona","2","","","NONE"
"sp scottsdale","SP Scottsdale","2","","","NONE"
"fisher custom homes","Fisher Custom Homes","2","Fisher Custom Home","Fisher Custom Home","STARTS_WITH"
"fullmer","Fullmer Construction","2","","","NONE"
"overton","Overton Builders","2","Overton Builders","Overton Builders","EXACT"
"999 playa del norte","999 Playa del Norte","2","","","NONE"
"32nd southern apartments","32nd & Southern Apartments -","2","","","NONE"
"2040 az owner","2040 AZ Owner","2","","","NONE"
"3411 builders inc millennium park",""3411 Builders","1","","","NONE"
"hancock","Hancock Builders","2","","","NONE"
"hovnanian","Hovnanian Enterprises","2","","","NONE"
"millstone weber","Millstone Weber","2","","","NONE"
"millcreekresidential","MillCreekResidential","2","","","NONE"
"merkin vineyards","Merkin Vineyards","2","","","NONE"
"miko","Miko LLC","2","Miko LLC","Miko LLC","EXACT"
"miller environmental","Miller Environmental Group","2","Miller Environmental Services","Miller Environmental Services","STARTS_WITH"
"morgan taylor homes","Morgan Taylor Homes","2","","","NONE"
"maco","Maco Construction Services Inc","2","","","NONE"
"mayo clinic","Mayo Clinic","2","","","NONE"
"mosaic construction of arizona","Mosaic Construction of Arizona","2","","","NONE"
"mcref iii","MCREF III","2","","","NONE"
"mountainside high school","Mountainside High School","2","","","NONE"
"marc taylor","Marc Taylor Inc","2","","","NONE"
"maracay homes","Maracay Homes","2","","","NONE"
"city of glendale","City of Glendale","2","","","NONE"
"city of tempe","City of Tempe","2","","","NONE"
"covington homes","Covington Homes","2","","","NONE"
"city of chandler municipal utilities solid waste","City of Chandler Municipal Utilities Solid Waste Services","2","","","NONE"
"cornerstone","Cornerstone","2","","","NONE"
"city of chandler","City of Chandler","2","","","NONE"
"calvis wyant luxury homes","Calvis Wyant Luxury Homes","2","","","NONE"
"ccv north surprise","CCV North Surprise","2","","","NONE"
"city of avondale","City of Avondale","2","","","NONE"
"clune construction company lp","Clune Construction Company LP","2","Clune Construction","Clune Construction","STARTS_WITH"
"city of peoria","City of Peoria","2","","","NONE"
"city of sedona","City of Sedona","2","","","NONE"
"costco depot expansion","Costco Depot Expansion","2","","","NONE"
"ccv laveen campus","CCV Laveen Campus","2","","","NONE"
"dln landscaping","DLN Landscaping Inc","2","","","NONE"
"dysart unified school district 89","Dysart Unified School District 89","2","","","NONE"
"desert legacy","Desert Legacy Construction","2","","","NONE"
"danson","Danson Construction","2","Danson Construction","Danson Construction","EXACT"
"dcbg of arizona","DCBG of Arizona","2","","","NONE"
"dysart west point offsite","Dysart West Point Offsite","2","","","NONE"
"ditch witch west","Ditch Witch West","2","","","NONE"
"do contractors","D&O Contractors","2","","","NONE"
"vinyl tech rail expansion","VINYL TECH RAIL EXPANSION","2","","","NONE"
"val e west","Val E West Construction","2","","","NONE"
"vantage data centers management","Vantage Data Centers Management Company","2","","","NONE"
"viasun","ViaSun Corporation","2","","","NONE"
"buffalo ridge inert landfill","Buffalo Ridge Inert Landfill","2","","","NONE"
"bolte custom homes","Bolte Custom Homes","2","Bolte Custom Homes","Bolte Custom Homes","EXACT"
"big red box","Big Red Box LLC","2","Big Red Box","Big Red Box","EXACT"
"breinholt","Breinholt Contracting Co","2","Breinholt Contracting Co","Breinholt Contracting Co","EXACT"
"kary environmental","Kary Environmental Services Inc","2","","","NONE"
"landmark title assurance agency of arizona","Landmark Title Assurance Agency of Arizona","2","","","NONE"
"largo concrete","Largo Concrete","2","","","NONE"
"legacy traditional school san tan","Legacy Traditional School San Tan","2","","","NONE"
"lake havasu city","Lake Havasu City","2","","","NONE"
"lcg kierland","LCG Kierland","2","","","NONE"
"parkway construction and associates","Parkway Construction and Associates","2","Parkway Construction and Associates","Parkway Construction and Associates:Andretti Glendale (99th Ave & Maryland)","EXACT"
"pac west rentals","Pac West Rentals","2","","","NONE"
"paladin risk management","Paladin Risk Management","2","","","NONE"
"wjh","WJH LLC","2","","","NONE"
"west construction","West Construction & Development Co Inc","2","West Construction","West Construction","EXACT"
"k2 electrical","K2 Electrical","2","K2 Electric","K2 Electric","STARTS_WITH"
"owner contractordpr","OWNER/ CONTRACTOR:DPR Construction","2","","","NONE"
"beckshar llc entity","BeckShar LLC entity","2","","","NONE"
"zt 56th street at 101 nw owner","ZT 56th Street at 101 NW Owner. LLC","2","","","NONE"
"owner contractortlw","OWNER/ CONTRACTOR:TLW Construction","2","","","NONE"
"structor group llc aka realty asset advisors southwest inc","Structor Group LLC (AKA Realty Asset Advisors Southwest Inc)","2","","","NONE"
"sachs electric will be getting bileld for this aka archkey solutions","(Sachs Electric will be getting bileld for this) (AKA Archkey Solutions)","2","Sachs Electric","Sachs Electric","STARTS_WITH"
"soilswork","Soilswork","2","","","NONE"
"gatos demolition","Gato's Demolition","2","Gato's Demolition","Gato's Demolition","EXACT"
"reigel construction aka rc c","Reigel Construction (AKA RC & C)","2","Reigel Construction","Reigel Construction","STARTS_WITH"
"findorfftreehouse","Findorff/Treehouse","2","","","NONE"
"rob headley","Rob Headley","2","Rob Headley","Headley Rob","EXACT"
"sonoran quest","Sonoran Quest","1","","","NONE"
"jeff clark homes","Jeff Clark Homes","1","","","NONE"
"pmd","PMD Development","1","","","NONE"
"evolution","Evolution Construction","1","","","NONE"
"marino lombardi","Marino Lombardi","1","","","NONE"
"thunder road motorcycles","Thunder Road Motorcycles","1","","","NONE"
"dk painting","DK Painting","1","","","NONE"
"rh dupper","RH Dupper","1","","","NONE"
"the haskell","The Haskell Company","1","","","NONE"
"hamblin david",""Hamblin","1","","","NONE"
"shea homes","Shea Homes","1","","","NONE"
"apodaca wall systems","Apodaca Wall Systems","1","","","NONE"
"dluzan scott",""Dluzan","1","","","NONE"
"emjljl","EMJ/LJL","1","","","NONE"
"beck consulting","Beck Consulting","1","","","NONE"
"az painting and consulting","AZ Painting and Consulting","1","","","NONE"
"manderson","M.Anderson","1","","","NONE"
"mike miguire","Mike Miguire","1","","","NONE"
"kbe","KBE","1","KBE Building Corporation","KBE Building Corporation","STARTS_WITH"
"the construction professional","The Construction Professional","1","","","NONE"
"schnitzer","Schnitzer","1","Schnitzer Properties","Schnitzer Properties","STARTS_WITH"
"mckenzies midtown tavern","McKenzies Midtown tavern","1","","","NONE"
"perry kelvin",""Perry","1","","","NONE"
"arcbuilt","Arcbuilt","1","","","NONE"
"reninhausen","Reninhausen","1","","","NONE"
"lantern","Lantern Group","1","Lantern Group Contracting","Lantern Group Contracting","STARTS_WITH"
"joe knight","Joe Knight","1","","","NONE"
"western states","Western States","1","","","NONE"
"hoilal tom",""Hoilal","1","","","NONE"
"verde","Verde Builders","1","","","NONE"
"joshua fretwell","Joshua Fretwell","1","","","NONE"
"kore medical","Kore Medical","1","Kore Medical","Kor Medical","EXACT"
"first step demolition","First Step Demolition","1","","","NONE"
"cr commercial","CR Commercial","1","","","NONE"
"arcomurray","Arco/Murray","1","Arco/Murray","Arco/Murray:Prime Data Center - Tolleson","EXACT"
"6k companies","6K Companies","1","6K Companies","6K Companies","EXACT"
"aps","APS","1","APS","APS- AZ Public Service","EXACT"
"brydant","Brydant","1","Brydant Real Estate","Brydant Real Estate","STARTS_WITH"
"schofield civil","Schofield Civil","1","Schofield Civil Construction","Schofield Civil Construction","STARTS_WITH"
"vellagio homes","Vellagio Homes","1","","","NONE"
"klassen","Klassen","1","","","NONE"
"dooleymack","Dooleymack","1","","","NONE"
"void","Void","1","","","NONE"
"vkw","VKW","1","VKW Construction","VKW Constuction","STARTS_WITH"
"arco national","Arco National Construction","1","","","NONE"
"david","David","1","David Weekley Homes","David Weekley Homes:Artesa at Soleo - San Tan Valley","STARTS_WITH"
"1st farmer","1st & Farmer","1","","","NONE"
"bates ken",""Bates","1","","","NONE"
"lefc","LEFC Corp","1","","","NONE"
"casa blanca","Casa Blanca Builders","1","Casa Blanca Builders","Casa Blanca Builders","EXACT"
"camelback owners",""Camelback Owners","1","","","NONE"
"ac renovations","A&C Renovations","1","","","NONE"
"re spurr","R.E. Spurr","1","R.E. Spurr Construction Co","R.E. Spurr Construction Co","STARTS_WITH"
"local undergound","Local Undergound Construction","1","","","NONE"
"11 residential","11 Residential","1","","","NONE"
"id electric","ID Electric","1","","","NONE"
"ae","A&E Builders","1","","","NONE"
"sub4","Sub4","1","","","NONE"
"luxelocker","Luxelocker","1","Luxelocker","Luxelocker","EXACT"
"rr","R&R Construction","1","","","NONE"
"kiewit","Kiewit","1","","","NONE"
"george h pastor sons","George H Pastor & Sons","1","George H Pastor & Sons","George H Pastor & Sons","EXACT"
"identity","Identity Builders","1","Identity Builders","Identity Builders","EXACT"
"verde fiesta","Verde Fiesta","1","","","NONE"
"cherokee","Cherokee","1","Cherokee CRC LLC","Cherokee CRC LLC","STARTS_WITH"
"colorado west","Colorado West","1","","","NONE"
"pr","PR Construction","1","PR Construction","PR Construction","EXACT"
"vip commercial","VIP Commercial","1","VIP Commercial Builders","VIP Commercial Builders","STARTS_WITH"
"e1","E1 Development Services","1","","","NONE"
"baker","Baker Construction","1","","","NONE"
"gioffre","Gioffre Construction","1","Gioffre Construction","Gioffre Construction","EXACT"
"lone mountain excavating","Lone Mountain Excavating","1","Lone Mountain Excavating","Lone Mountain Excavating","EXACT"
"jacobs","Jacobs","1","Jacobs","Jacobs","EXACT"
"drp","DRP","1","","","NONE"
"imperial underground solutions","Imperial Underground Solutions","1","","","NONE"
"steven leinweber","Steven Leinweber Construction","1","","","NONE"
"steel spark","Steel & Spark","1","","","NONE"
"community developement","Community Developement","1","","","NONE"
"bell buildinig","Bell Buildinig Group","1","","","NONE"
"menlo equities","Menlo Equities","1","","","NONE"
"wolff constuction","Wolff Constuction","1","","","NONE"
"path contruction","Path Contruction","1","","","NONE"
"z modular","Z Modular","1","","","NONE"
"embree groupus bank- scottsdale","Embree Group:US Bank- Scottsdale","1","Embree Group","Embree Group","STARTS_WITH"
"emj corporationchandler apts","EMJ Corporation:Chandler Apts","1","","","NONE"
"george h pastor sonswhataburger- avondale","George H Pastor & Sons:Whataburger- Avondale","1","George H Pastor & Sons","George H Pastor & Sons","STARTS_WITH"
"jlb partners44th 202 project","JLB Partners:44th & 202 Project","1","","","NONE"
"lge design buildgenesis of chandler","LGE Design Build:Genesis Of Chandler","1","LGE Design Build","LGE Design Build:7501 E Redfield Road","STARTS_WITH"
"maydall constructionsrpmic- ecec","Maydall Construction:SRPMIC- ECEC","1","Maydall Construction","Maydall Construction","STARTS_WITH"
"wespac constructioncarvana corporate campus","Wespac Construction:Carvana Corporate Campus","1","Wespac Construction","Wespac Construction:Mayo Casita #4- Labor & Fees","STARTS_WITH"
"willmeng construction inccotton lane commerce park",""Willmeng Construction","1","","","NONE"
"willmeng construction incdeer valley business center",""Willmeng Construction","1","","","NONE"
"willmeng construction incsun valley academy- glendale",""Willmeng Construction","1","","","NONE"
"3411 buildersatlas kierland","3411 Builders:Atlas Kierland","1","","","NONE"
"a finer touch construction carder residence","A Finer Touch Construction: Carder Residence","1","A Finer Touch Construction","A Finer Touch Construction","STARTS_WITH"
"ar mays constructionmountainside fitness avondale","A.R Mays Construction:Mountainside Fitness Avondale","1","A.R Mays Construction","A.R. Mays Construction:Ak-chin Wellness Center (Construction)","STARTS_WITH"
"claycoqts phx2 dc5","Clayco:QTS PHX2 DC5","1","Clayco","Clayco:Cubes at Meridian 24","STARTS_WITH"
"emj corporationavondale station","EMJ Corporation:Avondale Station","1","","","NONE"
"lam building","Lam Building","1","Lam Building","Lam Building","EXACT"
"pegasus construction incvalvoline glendale",""Pegasus Construction","1","","","NONE"
"low mountain constructiontempe bike and pedestrian path","Low Mountain Construction:Tempe Bike and Pedestrian Path","1","Low Mountain Construction","Low Mountain Construction","STARTS_WITH"
"maydall constructionlonely cactus","Maydall Construction:Lonely Cactus","1","Maydall Construction","Maydall Construction","STARTS_WITH"
"midwestern university19555 n 59th ave","Midwestern University:19555 N 59th Ave","1","Midwestern University","Midwestern University","STARTS_WITH"
"nitti builderstsmc supplier site c",""Nitti Builders:TSMC Supplier Site ""C"""","1","","","NONE"
"pwi residential inc21-r02- hillside residence","PWI Residential Inc.:#21-R02- Hillside Residence","1","PWI Residential Inc.","PWI Residential Inc.:#21-R02- Hillside Residence","STARTS_WITH"
"renaissance companiesbip infrastructure","Renaissance Companies:BIP Infrastructure","1","Renaissance Companies","Renaissance Companies:32nd St. and Baseline Shops","STARTS_WITH"
"renaissance companiestoy barn scottsdale ii","Renaissance Companies:Toy Barn Scottsdale II","1","Renaissance Companies","Renaissance Companies:32nd St. and Baseline Shops","STARTS_WITH"
"torrent resourceslucid motors","Torrent Resources:Lucid Motors","1","Torrent Resources","Torrent Resources","STARTS_WITH"
"us development construction inc4858 w maryland ave glendale",""US Development & Construction INC:4858 W Maryland Ave","1","","","NONE"
"weitz coraintree drive residential","Weitz Co:Raintree Drive Residential","1","","","NONE"
"willmeng construction incadot regional basin",""Willmeng Construction","1","","","NONE"
"willmeng construction incsundance park ph2",""Willmeng Construction","1","","","NONE"
"wood partnersalta goodyear","Wood Partners:Alta Goodyear","1","Wood Partners","Wood Partners:Alta Goodyear","STARTS_WITH"
"stucco renovations","Stucco Renovations","1","Stucco Renovations of Arizona","Stucco Renovations of Arizona","STARTS_WITH"
"forstie david","Forstie David","1","","","NONE"
"ar mayes","A.R. Mayes","1","","","NONE"
"airpark signs graphics","Airpark Signs & Graphics","1","","","NONE"
"ruckman tim",""Ruckman","1","","","NONE"
"mt builders mckinley court","MT Builders; McKinley Court","1","","","NONE"
"ogc construction management","OGC Construction Management","1","","","NONE"
"united rental","United Rental","1","United Rental","United Rental","EXACT"
"phoenix rising soccer complex","Phoenix Rising Soccer Complex","1","","","NONE"
"weitz beatitudes patio homes","Weitz;  Beatitudes Patio Homes","1","","","NONE"
"rytan llc alhambra- gymnasium addition",""Rytan","1","","","NONE"
"ryan companies us inc17 north - farmers way",""Ryan Companies US","1","","","NONE"
"sigma homes 2237 mercer lane","Sigma Homes; 2237 Mercer Lane","1","","","NONE"
"park7","Park7","1","","","NONE"
"ar mayes fat cats","AR Mayes: Fat Cats","1","","","NONE"
"ashley duffy 5321 s four peaks way","Ashley Duffy: 5321 S Four Peaks Way","1","","","NONE"
"renaisance","Renaisance","1","","","NONE"
"concorde","Concorde","1","","","NONE"
"ar mays mirabel","AR Mays Mirabel","1","","","NONE"
"dpr- mayo hardscape","DPR- Mayo Hardscape","1","","","NONE"
"embrey- beardsley","Embrey- Beardsley","1","","","NONE"
"acadia healthcare","Acadia Healthcare","1","","","NONE"
"vollkommen","Vollkommen","1","","","NONE"
"mt inspira mesa gateway","MT: InspIra Mesa Gateway","1","","","NONE"
"ar mays mountain vista","AR Mays: Mountain Vista","1","","","NONE"
"turner optum rx","Turner Optum RX","1","","","NONE"
"ecco heavy equipment rental","ECCO Heavy Equipment Rental","1","","","NONE"
"curve south mtn","Curve South Mtn","1","","","NONE"
"curve estrella","Curve Estrella","1","","","NONE"
"ar mays mountainside","AR Mays Mountainside","1","","","NONE"
"emj chandler apts","EMJ Chandler Apts","1","","","NONE"
"emj avondale station","EMJ Avondale Station","1","","","NONE"
"3411 atlas","3411: Atlas","1","","","NONE"
"big d construction sw","Big D Construction SW","1","","","NONE"
"arizona specialty demo","Arizona Specialty Demo","1","Arizona Specialty Demolition LLC","Arizona Specialty Demolition LLC","STARTS_WITH"
"bjerk builders incsaddle creek ti",""Bjerk Builders","1","","","NONE"
"mt alexan","MT : ALEXAN","1","","","NONE"
"mcshane construction companylcg kierland","McShane Construction Company:LCG Kierland","1","McShane Construction Company","McShane Construction Company:Apartments at 48th Street & Washington","STARTS_WITH"
"ryan companies us inckroger flaming bird fc-09",""Ryan Companies US","1","","","NONE"
"thompson thrift construction incaz buckeye yuma rd",""Thompson Thrift Construction","thompson thrift construction incaz buckeye yuma rd","","","NONE"
"willmeng kentwood casa grande","WILLMENG: Kentwood Casa Grande","1","","","NONE"
"layton construction companylakin industrial park ph4","Layton Construction Company:Lakin Industrial Park Ph.4","1","Layton Construction Company","Layton Construction Company:Cavasson MOB & Retail","STARTS_WITH"
"clune construction we are also doing work for menlo on this job charge the signs to clune",""Clune Construction (WE ARE ALSO DOING WORK FOR MENLO ON THIS JOB","1","Clune Construction","Clune Construction","STARTS_WITH"
"innovative technology",""Innovative Technology Development Group","1","","","NONE"
"cws painting","CWS Painting","1","CWS Paint","CWS Paint","STARTS_WITH"
"better buzz coffee- queen creek","Better Buzz Coffee- Queen Creek","1","","","NONE"
"belaflor","Belaflor","1","","","NONE"
"briston","Briston","1","","","NONE"
"ma carlson","M.A. Carlson","1","","","NONE"
"sarto pools","Sarto Pools","1","Sarto Pools","Sarto Pools","EXACT"
"tennan","Tennan Construction","1","","","NONE"
"howard wright","Howard Wright","1","","","NONE"
"vector","Vector","1","","","NONE"
"bc studio","BC Studio","1","","","NONE"
"hayward","Hayward Builders","1","","","NONE"
"calgon carbon","Calgon Carbon","1","","","NONE"
"okanogan trail","Okanogan Trail Construction","1","","","NONE"
"mj manone","MJ Manone","1","","","NONE"
"aw","AW Contracting","1","AW Contracting","AW Contracting","EXACT"
"roche","Roche Construction","1","","","NONE"
"cavalia","Cavalia","1","","","NONE"
"spencer manzano","Spencer Manzano","1","","","NONE"
"straightline","Straightline Builders","1","","","NONE"
"septon","Septon Development","1","","","NONE"
"mary lyn hammer is taking over 7-10-13 lustig company is taking this over as of 4-22-2013 old contractor iron clad construction","Mary Lyn Hammer is taking over 7-10-13. Lustig Company is taking this over as of 4-22-2013 (old contractor Iron Clad Construction)","1","","","NONE"
"ed west","ED West","1","","","NONE"
"aui","AUI","1","","","NONE"
"lps","LPS","1","","","NONE"
"signal peak contractors","Signal Peak Contractors","1","","","NONE"
"select","Select Development","1","","","NONE"
"adam miller","Adam Miller","1","","","NONE"
"kruger wes",""Kruger","1","","","NONE"
"torri custom homes","Torri Custom Homes","1","","","NONE"
"nitti graycor","Nitti Graycor","1","","","NONE"
"southand paving","Southand Paving","1","","","NONE"
"schaffer","Schaffer Construction","1","","","NONE"
"veritas","Veritas","1","","","NONE"
"j kopras homes","J Kopras Homes","1","","","NONE"
"restore 1","Restore 1","1","","","NONE"
"donavan john",""Donavan","1","","","NONE"
"gss","GSS","1","","","NONE"
"summit","Summit","1","","","NONE"
"construction management technology","Construction Management Technology","1","","","NONE"
"anthony goldapd",""Anthony Gold/APD","1","","","NONE"
"rk sanders","RK Sanders","1","","","NONE"
"ics switched billing to lky real estate fund iv lp",""ICS","1","","","NONE"
"charlie fine","Charlie Fine","1","","","NONE"
"je john","JE John","1","","","NONE"
"valwest","Valwest","1","","","NONE"
"perlo","Perlo","1","","","NONE"
"haworth- was bill to mhm until 8-8-16 then transferred to haworth","Haworth-  was bill to MHM until 8-8-16 then transferred to Haworth","1","","","NONE"
"haworth- was bill to mhm until 10-5-16 then transferred to haworth","Haworth-  was bill to MHM until 10-5-16 then transferred to Haworth","1","","","NONE"
"clg anthony gold","CLG/ Anthony Gold","1","","","NONE"
"accent contruction","Accent Contruction","1","","","NONE"
"mco and associates","MCO and Associates","1","","","NONE"
"chase pipeline","Chase Pipeline Construction","1","","","NONE"
"spurr","Spurr","1","","","NONE"
"southwest earthworks","Southwest Earthworks","1","Southwest Earthwork","Southwest Earthwork:2nd Ave Commons (140 W 2nd Ave)","STARTS_WITH"
"the school","The School Builder","1","","","NONE"
"ethos","Ethos Construction","1","","","NONE"
"woodruff","Woodruff Construction","1","","","NONE"
"seven foot","Seven Foot","1","Seven Foot Construction","Seven Foot Construction","STARTS_WITH"
"sharp creek","Sharp Creek","1","Sharp Creek Contracting","Sharp Creek Contracting","STARTS_WITH"
"povolny","Povolny Group","1","","","NONE"
"talon","Talon","1","","","NONE"
"steve julius","Steve Julius Construction","1","","","NONE"
"metal media","Metal Media","1","","","NONE"
"west glen villas","West Glen Villas","1","","","NONE"
"school","School Builder","1","","","NONE"
"shawmut design transferred from ar mays","Shawmut Design (transferred from AR Mays)","1","","","NONE"
"hospitality","Hospitality Builders","1","","","NONE"
"paul chavez","Paul Chavez","1","","","NONE"
"newman","Newman Builders","1","","","NONE"
"logos","Logos","1","","","NONE"
"kessler","Kessler Construction","1","","","NONE"
"texas alliance","Texas Alliance Group","1","","","NONE"
"valle luna","Valle Luna","1","","","NONE"
"image","Image Builders","1","","","NONE"
"calla","Calla Development","1","","","NONE"
"rpm","RPM","1","","","NONE"
"wes laphen","Wes Laphen","1","","","NONE"
"green street communities","Green Street Communities","1","","","NONE"
"rcds now under briston","RCDS now under Briston","1","","","NONE"
"roca verde design","Roca Verde Design","1","","","NONE"
"torri","Torri","1","","","NONE"
"form third- now billed to wilderness dtphx","Form Third- NOW BILLED TO Wilderness DTPHX","1","Form Third","Form Third","STARTS_WITH"
"arizona trench","Arizona Trench Co","1","","","NONE"
"rj gurley","RJ Gurley","1","RJ Gurley Construction","RJ Gurley Construction","STARTS_WITH"
"venue","Venue","1","","","NONE"
"interserve","InterServe","1","","","NONE"
"symmetry","Symmetry Builders","1","Symmetry Builders Corp","Symmetry Builders Corp","STARTS_WITH"
"arizona interior innovations","Arizona Interior Innovations","1","","","NONE"
"orsett properties jeff scott","Orsett Properties (Jeff Scott)","1","","","NONE"
"rh dupper landscaping","RH Dupper Landscaping","1","","","NONE"
"bk design","BK Design Inc.","1","BK Design Inc.","BK Design Inc.","EXACT"
"calcon","Calcon","1","Calcon Constructors","Calcon Constructors","STARTS_WITH"
"pwi slc","PWI SLC LLC","1","","","NONE"
"brendon weak","Brendon Weak","1","","","NONE"
"syla ermal ge ventures","Syla Ermal (GE Ventures)","1","","","NONE"
"ethically built","Ethically Built","1","","","NONE"
"mike maguire","Mike Maguire","1","","","NONE"
"katerra now - wolff","Katerra/ Now - Wolff","1","","","NONE"
"hamblen david",""Hamblen","1","","","NONE"
"trinsic- was cm precision","Trinsic- Was CM Precision","1","","","NONE"
"hoidal tom",""Hoidal","1","","","NONE"
"genova","Genova Development","1","","","NONE"
"dluzen scott",""Dluzen","1","","","NONE"
"bela flor used to be billed to jn pebler construction","Bela Flor (used to be billed to J.N. Pebler Construction)","1","","","NONE"
"lantern group contraction","Lantern Group Contraction","1","","","NONE"
"brydant real estate","Brydant Real Estate","1","Brydant Real Estate","Brydant Real Estate","EXACT"
"41 north was ed smith paving","41 North (was ED Smith Paving)","1","","","NONE"
"northwind resource consultants","Northwind Resource Consultants","1","","","NONE"
"ac arizona renovations","A&C Arizona Renovations","1","A&C Arizona Renovations LLC","A&C Arizona Renovations LLC","STARTS_WITH"
"haydon used to be desert mountain club",""Haydon","1","","","NONE"
"bates","Bates Builders","1","Bates Builder of Fine Homes","Bates Builders of Fine Homes","STARTS_WITH"
"penta","Penta","1","","","NONE"
"prologis- was graycor","Prologis- Was Graycor","1","Prologis","Prologis","STARTS_WITH"
"whiting turner- was drive development partners","Whiting Turner- Was Drive Development Partners","1","","","NONE"
"boldt- was tippman","Boldt- was Tippman","1","","","NONE"
"prologis- phx02290","Prologis- PHX02290","1","Prologis","Prologis","STARTS_WITH"
"agate- was keegan","Agate- was Keegan","1","","","NONE"
"porter acme- was 180 degree and dwill","Porter Acme- Was 180 Degree and Dwill","1","","","NONE"
"primak formerly agate","Primak formerly Agate","1","","","NONE"
"hat trick- used to be belmont homes","Hat Trick- used to be Belmont Homes","1","","","NONE"
"harris assocciates","Harris Assocciates","1","","","NONE"
"agateprimak","Agate/Primak","1","","","NONE"
"armstrong-five star- f roberts","Armstrong-Five Star- F. Roberts","1","","","NONE"
"agate - now primak","Agate - Now Primak","1","","","NONE"
"holder was ww clyde",""Holder","1","","","NONE"
"mo 25 llc was under pickering brad",""Mo 25 LLC","1","MO 25 LLC","MO 25 LLC","STARTS_WITH"
"on site","On Site Builders","1","","","NONE"
"cbre- was fcl","CBRE- was FCL Builders","1","","","NONE"
"imagine general- was eleven residential","Imagine General- Was Eleven Residential","1","","","NONE"
"desert sky apartments","Desert Sky Apartments","1","","","NONE"
"1st farmers","1st & Farmers","1","","","NONE"
"avondale 1492 llc- was ryan companies was street lights",""Avondale 1492 LLC- was Ryan Companies","1","Avondale 1492 LLC","Avondale 1492 LLC","STARTS_WITH"
"beck builds","Beck Builds","1","","","NONE"
"csi- was zt 56th street","CSI- was ZT 56th Street","1","","","NONE"
"814 develoment was miller watkins",""814 Develoment","1","","","NONE"
"csi- was zt","CSI- was ZT","1","","","NONE"
"swell steel was bleuwave","Swell Steel was Bleuwave","1","","","NONE"
"3 r","3 R Construction Group","1","3 R Construction Group","3 R Construction Group","EXACT"
"3411 builder sw goes as cor water send to brian see notes in invoice","3411 Builder  (SW goes as COR & Water Send to Brian)  **SEE notes in invoice***","1","","","NONE"
"3411 builder sw goes as cor water seanrandalltdc-propertiescom","3411 Builder  (SW goes as COR & Water) (Sean.Randall@tdc-properties.com)","1","","","NONE"
"a to z parking","A To Z Parking","1","A To Z Parking","A To Z Parking","EXACT"
"abrasive blasting robert 480-392-7533","Abrasive Blasting                                           (Robert 480-392-7533)","1","","","NONE"
"advanced drainage systems","Advanced Drainage Systems","1","","","NONE"
"afc az","AFC AZ Contracting","1","","","NONE"
"agate construction po b22003107","Agate Construction                                (PO B22003107)","1","Agate Construction","Agate now Primak:Chapman Camelback BMW Lot Expansion","STARTS_WITH"
"aim recycling send tickets with invoicespecial price 11000per hr w4hr min","AIM Recycling       (Send Tickets with invoice)(Special price $110.00per hr W/4hr min)","1","AIM Recycling","AIM Recycling","STARTS_WITH"
"alexander building co need pos po 23001","Alexander Building Co                       (Need PO's) (PO#  23001)","1","","","NONE"
"alexander building co need pos po 23018","Alexander Building Co                       (Need PO's) (PO#  23018)","1","","","NONE"
"alexander building co need pos po 23036","Alexander Building Co                       (Need PO's) (PO#  23036)","1","","","NONE"
"alexander building co need pos po 24010","Alexander Building Co                       (Need PO's) (PO#  24010)","1","","","NONE"
"alexander building co need pos po 24031","Alexander Building Co                       (Need PO's) (PO# 24031 )","1","","","NONE"
"alexander building co need pos po 23010 kevin 602-710-3197","Alexander Building Co                  (Need PO's)    (PO#  23010)    Kevin 602-710-3197","1","","","NONE"
"alexander building co need pos po 23027 jessie 623-225-4721","Alexander Building Co                (Need PO's) (PO# 23027)   Jessie 623-225-4721","1","","","NONE"
"alexander building co need pos po 240258 gary 909-996-9594","Alexander Building CO           (Need PO's) (PO#  240258)     Gary 909-996-9594","1","","","NONE"
"all utilities","All Utilities","1","","","NONE"
"alston construction invoice to bill in textura po 01-562","Alston Construction         (Invoice to bill in textura) (PO 01-562)","1","Alston Construction","Alston Construction:28th Ave Conversion","STARTS_WITH"
"american regal homes","American Regal Homes","1","","","NONE"
"ap global billed in procore","AP Global                                      (Billed in Procore)","1","","","NONE"
"apache pipelines","Apache Pipelines","1","","","NONE"
"ar mays job 251016-11","AR Mays                                  (Job   251016-11)","1","","","NONE"
"ar mays job 24-1-058","AR Mays                                (Job #24-1-058)","1","","","NONE"
"ar mays job 22-1-1033","AR Mays                               (Job # 22-1-1033)","1","","","NONE"
"ar mays wants full job name on waiver job 241013","AR Mays                             (Wants full job name on waiver) (Job 241013)","1","","","NONE"
"ar mays job 25-1-014","AR Mays                            (Job # 25-1-014)","1","","","NONE"
"ar mays job 23-1-039","AR Mays                           Job 23-1-039","1","","","NONE"
"ar mays job 2210-61 special pricing","AR Mays                          (Job # 2210-61)   *** special pricing***","1","","","NONE"
"ar mays job 251025 ralpe 602-551-7051 - by invoice","AR Mays                   (Job # 251025) (Ralpe 602-551-7051 - By invoice)","1","","","NONE"
"archer western construction job job 22159","Archer Western Construction                          (Job #JOB 22159)","1","Archer Western Construction","Archer Western Construction","STARTS_WITH"
"arco murray construction wt if on schedule 12000","Arco / Murray Construction                       ( WT if on schedule $120.00)","1","","","NONE"
"arco construction company all billing goes on 1 cor","Arco Construction Company                                (All billing goes on 1 COR)","1","","","NONE"
"arizona professional excavating","Arizona Professional Excavating","1","Arizona Professional Excavating","Arizona Professional Excavating","EXACT"
"aro construction job 3011","ARO Construction                                  Job # 3011","1","ARO Construction","ARO Construction:ANS (210 S Beck)","STARTS_WITH"
"az grading underground","AZ Grading & Underground","1","","","NONE"
"b f contracting inc need po numbers",""B & F Contracting","1","","","NONE"
"bailey marshall corp david 480-385-8329","Bailey Marshall Corp                                           (David 480-385-8329)","1","Bailey Marshall Corp","Bailey Marshall Corp","STARTS_WITH"
"bayley construction job 24118","Bayley Construction                                  (Job #24118)","1","","","NONE"
"bcc contracting inc shane 480-352-2992",""BCC Contracting ","1","","","NONE"
"bcc contraction","BCC Contraction INC","1","","","NONE"
"beckshar development 3hr min","BeckShar Development                                         (3hr min)","1","BeckShar Development","BeckShar Development","STARTS_WITH"
"beckshar development add drive time","BeckShar Development                                  (Add drive time)","1","BeckShar Development","BeckShar Development","STARTS_WITH"
"beckshar diamond commercial","BeckShar Diamond Commercial","1","","","NONE"
"beztak canada verde","Beztak / Canada Verde Construction Company","1","","","NONE"
"bfl email tickets","BFL                                                         *****Email tickets*****","1","","","NONE"
"bjerk builders job 23-1009 work order 79121","Bjerk Builders                                               (Job 23-1009) (Work order 79121)","1","","","NONE"
"black clover","Black Clover Construction","1","Black Clover Construction","Black Clover Construction","EXACT"
"blattner energy need po 1063-045 job 1063 3hr min","Blattner Energy              (Need PO 1063-045 / Job # 1063)    (3hr min)","1","Blattner Energy","Blattner Energy","STARTS_WITH"
"blucor apj-219t send ticketscertified","Blucor                 APJ-(219)T                ****Send tickets***Certified*****","1","","","NONE"
"blucor apj-0218t send ticketscertified","Blucor             (APJ-0(218)T                  ****Send tickets***Certified*****","1","","","NONE"
"boldt bill first week of the month","Boldt                                    (Bill first week of the month)","1","","","NONE"
"bpr job 1-23-016","BPR                                         (Job 1-23-016)","1","","","NONE"
"brinshore","Brinshore","1","","","NONE"
"broetsky bryan 480-251-9548","Broetsky Bryan                                      480-251-9548","1","Broetsky Bryan","Broetsky Bryan","STARTS_WITH"
"buckles associates","Buckles & Associates","1","","","NONE"
"buesing job 124016","Buesing                                               (Job #124016)","1","","","NONE"
"buesing job 124017","Buesing                                               (Job #124017)","1","","","NONE"
"buesing pojob 124007","Buesing                                               (PO/Job #124007)","1","","","NONE"
"buesing pojob 124009","Buesing                                               (PO/Job #124009)","1","","","NONE"
"builders guide","Builders Guide","1","","","NONE"
"caliente construction job 220056","Caliente Construction                                         (Job # 220056)","1","Caliente Construction","Caliente Construction:Busy Bees Brown Rd","STARTS_WITH"
"caliente construction job 220075","Caliente Construction                                         (Job # 220075)","1","Caliente Construction","Caliente Construction:Busy Bees Brown Rd","STARTS_WITH"
"caliente construction job 230075","Caliente Construction                                         (Job # 230075)","1","Caliente Construction","Caliente Construction:Busy Bees Brown Rd","STARTS_WITH"
"caliente construction job 240045","Caliente Construction                                  (Job 240045)","1","Caliente Construction","Caliente Construction:Busy Bees Brown Rd","STARTS_WITH"
"caliente construction job 240019","Caliente Construction                                (Job #240019)","1","Caliente Construction","Caliente Construction:Busy Bees Brown Rd","STARTS_WITH"
"caliente construction job 230038 steve 480-450-8839","Caliente Construction                              (Job # 230038)            Steve 480-450-8839","1","Caliente Construction","Caliente Construction:Busy Bees Brown Rd","STARTS_WITH"
"camden development put on sw invoice","Camden Development                                           (Put on SW invoice)","1","","","NONE"
"camelot homes 1012 sw on thursdays","Camelot Homes                                   (10/12 SW on Thursday's)","1","Camelot Homes","Camelot Homes - Mark Hancock Dev:Arbor Square (2173 N Iowa Street)","STARTS_WITH"
"camelot homes richardmcamelothomescom","Camelot Homes                   (richardm@CAMELOTHOMES.com)","1","Camelot Homes","Camelot Homes - Mark Hancock Dev:Arbor Square (2173 N Iowa Street)","STARTS_WITH"
"cameron custom homes","Cameron Custom Homes","1","","","NONE"
"ccv patten construction","CCV                                        (Patten Construction)","1","","","NONE"
"century complete rocky 480-201-0397","Century Complete                                (Rocky 480-201-0397)","1","","","NONE"
"chasse building team sam 602-284-6937job 220078","Chasse Building Team                         (Sam 602-284-6937)(Job #220078)","1","Chasse Building Team","Chasse Building Team:3900 S 55th Ave","STARTS_WITH"
"chasse building team job 24020 need name called in","Chasse Building Team   (Job # 24020)  ****Need Name called in***","1","Chasse Building Team","Chasse Building Team:3900 S 55th Ave","STARTS_WITH"
"cholla tile","Cholla Tile","1","Cholla Tile","Cholla Tile","EXACT"
"clark construction group job 24009b1 submitted in textura","Clark Construction Group              (Job # 24009B1) Submitted in Textura","1","","","NONE"
"clayco job 10107074","Clayco                                        (Job 10107074)","1","Clayco","Clayco:Cubes at Meridian 24","STARTS_WITH"
"clayco bill in textura","Clayco                                 (Bill in Textura)","1","Clayco","Clayco:Cubes at Meridian 24","STARTS_WITH"
"clayco cor bryant - ensmanbclaycorpcom","Clayco                          (COR Bryant - ensmanb@claycorp.com)","1","Clayco","Clayco:Cubes at Meridian 24","STARTS_WITH"
"clayco job 10106073","Clayco                         (Job 101060.73)","1","Clayco","Clayco:Cubes at Meridian 24","STARTS_WITH"
"clayco tyler c 331-302-6205 brian 314-449-0227","Clayco                    (Tyler C 331-302-6205 / Brian 314-449-0227)","1","Clayco","Clayco:Cubes at Meridian 24","STARTS_WITH"
"clayco job 10-10-7074","Clayco                 (Job # 10-10-7074)","1","Clayco","Clayco:Cubes at Meridian 24","STARTS_WITH"
"clayco wt 40hr per week 3400160hrs per month 12000 ot 4000","Clayco      (WT 40hr per week $3400/160hrs per month $12000/ OT $40.00)","1","Clayco","Clayco:Cubes at Meridian 24","STARTS_WITH"
"clune construction company job 220554","Clune Construction Company                        (Job #220554)","1","Clune Construction","Clune Construction","STARTS_WITH"
"cochise","Cochise Contracting","1","Cochise Contracting","Cochise Contracting *Do not Service*","EXACT"
"colby",""Colby Construction Services","1","Colby Construction","Colby Construction","STARTS_WITH"
"colton constructors jeff thomas 602-828-1762","Colton Constructors          (Jeff Thomas 602-828-1762)","1","","","NONE"
"commerce construction co job 13447","Commerce Construction Co                              Job #13447","1","","","NONE"
"compass church","Compass Church","1","Compass Church","Compass Church","EXACT"
"complete aviation fuel systems","Complete Aviation Fuel Systems","1","Complete Aviation Fuel Systems","Complete Aviation Fuel Systems","EXACT"
"concrete strategies 401-06903","Concrete Strategies                           (401-06903)","1","Concrete Strategies","Concrete Strategies","STARTS_WITH"
"connie jordon","Connie Jordon","1","Connie Jordon","Connie Jordon","EXACT"
"core construction job 22-01-009","Core Construction                                              (Job 22-01-009)","1","Core Construction","Core Construction:CoG Fire Department (14051 N 59th)","STARTS_WITH"
"core construction job 22-01-030","Core Construction                                        (Job # 22-01-030)","1","Core Construction","Core Construction:CoG Fire Department (14051 N 59th)","STARTS_WITH"
"core construction job 23-01-027","Core Construction                                        (Job # 23-01-027)","1","Core Construction","Core Construction:CoG Fire Department (14051 N 59th)","STARTS_WITH"
"core construction job 24-01-004","Core Construction                                        (Job # 24-01-004)","1","Core Construction","Core Construction:CoG Fire Department (14051 N 59th)","STARTS_WITH"
"core construction job 22-01-008 textura","Core Construction                                       (Job # 22-01-008) Textura","1","Core Construction","Core Construction:CoG Fire Department (14051 N 59th)","STARTS_WITH"
"core construction job 22-01-023","Core Construction                                       (Job # 22-01-023)","1","Core Construction","Core Construction:CoG Fire Department (14051 N 59th)","STARTS_WITH"
"core construction job 23-01-006","Core Construction                                    (Job # 23-01-006)","1","Core Construction","Core Construction:CoG Fire Department (14051 N 59th)","STARTS_WITH"
"core construction job 23-01-005 kendra said paying by invoice","Core Construction                                   (Job 23-01-005) Kendra said paying by invoice","1","Core Construction","Core Construction:CoG Fire Department (14051 N 59th)","STARTS_WITH"
"core construction job 22-04-222","Core Construction                                 (Job # 22-04-222)","1","Core Construction","Core Construction:CoG Fire Department (14051 N 59th)","STARTS_WITH"
"core construction job 22-01-022","Core Construction                                (Job 22-01-022)","1","Core Construction","Core Construction:CoG Fire Department (14051 N 59th)","STARTS_WITH"
"core construction job 23-01-017","Core Construction                               (Job # 23-01-017)","1","Core Construction","Core Construction:CoG Fire Department (14051 N 59th)","STARTS_WITH"
"core construction job mark 602-908-2535","Core Construction                              (Job # ) Mark 602-908-2535","1","Core Construction","Core Construction:CoG Fire Department (14051 N 59th)","STARTS_WITH"
"core construction job 21-01-023 add drive time","Core Construction                              (Job # 21-01-023) (Add drive time)","1","Core Construction","Core Construction:CoG Fire Department (14051 N 59th)","STARTS_WITH"
"core construction job 99-99-999","Core Construction                              (Job # 99-99-999)","1","Core Construction","Core Construction:CoG Fire Department (14051 N 59th)","STARTS_WITH"
"core construction 23-01-023","Core Construction                          (23-01-023)","1","Core Construction","Core Construction:CoG Fire Department (14051 N 59th)","STARTS_WITH"
"core construction job 1-23-01-019","Core Construction                          (Job # 1-23-01-019)","1","Core Construction","Core Construction:CoG Fire Department (14051 N 59th)","STARTS_WITH"
"core construction job 22-01-004","Core Construction                          (Job # 22-01-004)","1","Core Construction","Core Construction:CoG Fire Department (14051 N 59th)","STARTS_WITH"
"core construction job 23-01-022","Core Construction                          (Job # 23-01-022)","1","Core Construction","Core Construction:CoG Fire Department (14051 N 59th)","STARTS_WITH"
"core construction job 24-01-012","Core Construction                          (Job # 24-01-012)","1","Core Construction","Core Construction:CoG Fire Department (14051 N 59th)","STARTS_WITH"
"core construction job 24-01-016","Core Construction                          (Job # 24-01-016 )","1","Core Construction","Core Construction:CoG Fire Department (14051 N 59th)","STARTS_WITH"
"core construction job 24-01-026","Core Construction                          (Job # 24-01-026)","1","Core Construction","Core Construction:CoG Fire Department (14051 N 59th)","STARTS_WITH"
"core construction job 24-02-001","Core Construction                          (Job #24-02-001)","1","Core Construction","Core Construction:CoG Fire Department (14051 N 59th)","STARTS_WITH"
"core construction job 2404083","Core Construction                          (Job #2404083)","1","Core Construction","Core Construction:CoG Fire Department (14051 N 59th)","STARTS_WITH"
"core construction job 25-04-005","Core Construction                          (Job #25-04-005)","1","Core Construction","Core Construction:CoG Fire Department (14051 N 59th)","STARTS_WITH"
"core construction job 1-23-01-181","Core Construction                         (Job 1-23-01-181)","1","Core Construction","Core Construction:CoG Fire Department (14051 N 59th)","STARTS_WITH"
"core construction job 24-04-168005","Core Construction                         (Job 24-04-168005)","1","Core Construction","Core Construction:CoG Fire Department (14051 N 59th)","STARTS_WITH"
"core construction job 23-02-001","Core Construction                        Job # 23-02-001","1","Core Construction","Core Construction:CoG Fire Department (14051 N 59th)","STARTS_WITH"
"core construction job 25-01-002","Core Construction                        Job # 25-01-002","1","Core Construction","Core Construction:CoG Fire Department (14051 N 59th)","STARTS_WITH"
"core construction job number 25-04-006","Core Construction                      (Job number 25-04-006)","1","Core Construction","Core Construction:CoG Fire Department (14051 N 59th)","STARTS_WITH"
"core construction job 2301025","Core Construction                    (Job # 23.01.025)","1","Core Construction","Core Construction:CoG Fire Department (14051 N 59th)","STARTS_WITH"
"core construction job 23-04-073 rob 480-285-7533","Core Construction                   (Job # 23-04-073)       Rob 480-285-7533","1","Core Construction","Core Construction:CoG Fire Department (14051 N 59th)","STARTS_WITH"
"core construction job 25-01-010","Core Construction                 (Job # 25-01-010)","1","Core Construction","Core Construction:CoG Fire Department (14051 N 59th)","STARTS_WITH"
"core construction job 2404209","Core Construction                (Job # 2404209)","1","Core Construction","Core Construction:CoG Fire Department (14051 N 59th)","STARTS_WITH"
"core construction job 24-01-017","Core Construction            (Job # 24-01-017)","1","Core Construction","Core Construction:CoG Fire Department (14051 N 59th)","STARTS_WITH"
"core construction job 32-01-020","Core Construction            (Job # 32-01-020)","1","Core Construction","Core Construction:CoG Fire Department (14051 N 59th)","STARTS_WITH"
"core construction job 25-01-019","Core Construction            (Job #25-01-019 )","1","Core Construction","Core Construction:CoG Fire Department (14051 N 59th)","STARTS_WITH"
"core construction brooks 623-258-3761job 23-01-017","Core Construction          (Brooks 623-258-3761)(Job # 23-01-017)","1","Core Construction","Core Construction:CoG Fire Department (14051 N 59th)","STARTS_WITH"
"core construction cor to craigcummingscoreconstructioncom peter","Core Construction         (COR to craigcummings@coreconstruction.com & Peter)","1","Core Construction","Core Construction:CoG Fire Department (14051 N 59th)","STARTS_WITH"
"core construction job 23-01-013 larry 602-695-3190","Core Construction         (Job # 23-01-013)  Larry 602-695-3190","1","Core Construction","Core Construction:CoG Fire Department (14051 N 59th)","STARTS_WITH"
"core construction need job numbersjob 23-01-020","Core Construction         ****Need Job Numbers**(Job # 23-01-020)","1","Core Construction","Core Construction:CoG Fire Department (14051 N 59th)","STARTS_WITH"
"crismon commercial","Crismon Commercial","1","","","NONE"
"cunningham","Cunningham Construction LLC","1","","","NONE"
"dg finn","D.G Finn","1","","","NONE"
"dbg properties","DBG Properties LLC","1","","","NONE"
"dbm","DBM Contracting","1","","","NONE"
"derek builders cor bcampbellderekbuilderscom","Derek Builders                      (COR: bcampbell@derekbuilders.com)","1","Derek Builders","Derek Builders:Estrella Commerce Park","STARTS_WITH"
"derek builders cor go too jringlederekbuilderscom","Derek Builders                   (COR go too:  jringle@derekbuilders.com)","1","Derek Builders","Derek Builders:Estrella Commerce Park","STARTS_WITH"
"desert services international","Desert Services International","1","","","NONE"
"dirt worx","Dirt Worx Contracting","1","Dirt Worx Contracting","Dirt Worx Contracting","EXACT"
"earth tech","Earth Tech","1","Earth Tech Services","Earth Tech Services","STARTS_WITH"
"earthworks environmental","Earthworks Environmental LLC","1","","","NONE"
"emj construction wt on schedule 11500hr see email","EMJ Construction  (WT on  schedule $115.00hr) See email","1","","","NONE"
"f roberts construction wants villa and hotel billed separate per shawn","F Roberts Construction          (Wants Villa and Hotel billed separate per Shawn)","1","","","NONE"
"fairbanks","Fairbanks","1","","","NONE"
"fairmont princes","Fairmont Princes","1","Fairmont Princess","Fairmont Princess","STARTS_WITH"
"fcl builders cor to sburkefclbuilderscomkpylefclbuilderscom","FCL Builders                 (COR to sburke@fclbuilders.com;kpyle@fclbuilders.com)","1","","","NONE"
"fcl builders job 23403","FCL Builders            (Job # 23403)","1","","","NONE"
"fcl builders no fuel charge","FCL Builders           (No fuel charge)","1","","","NONE"
"felix","Felix Construction Company","1","","","NONE"
"fnf leander 602-619-1169","FNF                               (Leander 602-619-1169)","1","","","NONE"
"foundation building materials","Foundation Building Materials","1","Foundation Building Materials","Foundation Building Materials","EXACT"
"fpem inc first priority po 140064mg06000098","FPEM INC   (First Priority)                       (PO  140064MG06000098)","1","FPEM INC","FPEM INC (Do not service):Wells Fargo Bank (1004 W Chandler Blvd)","STARTS_WITH"
"fpem inc first priority po 120001mg06000070","FPEM INC   (First Priority)                       (PO 120001MG06000070)","1","FPEM INC","FPEM INC (Do not service):Wells Fargo Bank (1004 W Chandler Blvd)","STARTS_WITH"
"fpem inc first priority po 192089 m606000092","FPEM INC   (First Priority)                     (PO 192089 M606000092)","1","FPEM INC","FPEM INC (Do not service):Wells Fargo Bank (1004 W Chandler Blvd)","STARTS_WITH"
"g force","G Force","1","","","NONE"
"ganem construction llc job 24-01-2014","Ganem Construction LLC                  (Job #24-01-2014)","1","","","NONE"
"gcon inc job 220-371","Gcon Inc                  (Job 220-371)","1","GCON Inc","GCON Inc:250145 - 3150 W Lower Buckeye Rd","STARTS_WITH"
"gcon inc job 240-122","Gcon Inc                  (Job 240-122)","1","GCON Inc","GCON Inc:250145 - 3150 W Lower Buckeye Rd","STARTS_WITH"
"gcon inc pwo gl2501-019","Gcon Inc          #PWO GL2501-019","1","GCON Inc","GCON Inc:250145 - 3150 W Lower Buckeye Rd","STARTS_WITH"
"grant lord","Grant Lord","1","","","NONE"
"graycor terry 602-639-1973","Graycor                             (Terry 602-639-1973)","1","Graycor","Graycor:13255 Sweetwater Dr -  Surprise","STARTS_WITH"
"great western","Great Western","1","Great Western","Great Western","EXACT"
"greystar send cor to nathan messner","Greystar                           (Send COR to Nathan Messner)","1","","","NONE"
"greystar send cor to timcahanesgreystarcom 6182025 going to mwf","Greystar            (Send COR to tim.cahanes@greystar.com) 6/18/2025 going to MWF","1","","","NONE"
"greystar matttaftgreystarcom adding money to contract a invoice in textura put on pj invoice",""Greystar       matt.taft@greystar.com    (Adding money to contract A invoice  in textura","1","","","NONE"
"guardian civil contracting llc po 23003-05",""Guardian Civil Contracting","1","","","NONE"
"guardian civil contracting llc po 23008-07",""Guardian Civil Contracting","1","","","NONE"
"guardian civil contracting llc po 23018-11",""Guardian Civil Contracting","1","","","NONE"
"guardian civil contracting llc po 24008-07",""Guardian Civil Contracting","1","","","NONE"
"guardian civil contracting llc po 24011-05",""Guardian Civil Contracting","1","","","NONE"
"guardian civil contracting llc po 2500201",""Guardian Civil Contracting","1","","","NONE"
"guardian civil contracting llc pos 23003-05",""Guardian Civil Contracting","1","","","NONE"
"habitiat for humanlty","Habitiat for Humanlty","1","","","NONE"
"hambicki truck container","Hambicki Truck & Container","1","","","NONE"
"hark drilling","Hark Drilling","1","Hark Drilling","Hark Drilling","EXACT"
"hash knife need pos","Hash Knife                                     Need PO's","1","","","NONE"
"hathaway","Hathaway Construction","1","Hathaway Construction Services LLC","Hathaway Construction Services LLC","STARTS_WITH"
"haydon building corp job 50-0102-01","Haydon Building Corp                                     Job # 50-0102-01","1","Haydon Building Corp","Haydon Building Corp:Anthem Pickleball Expansion","STARTS_WITH"
"haydon building corp job 50-0090-00","Haydon Building Corp                                   Job # 50-0090-00","1","Haydon Building Corp","Haydon Building Corp:Anthem Pickleball Expansion","STARTS_WITH"
"holcim","Holcim","1","","","NONE"
"holy cross catholic cemetery","Holy Cross Catholic Cemetery","1","Holy Cross Catholic Cemetery & Funeral","Holy Cross Catholic Cemetery & Funeral","STARTS_WITH"
"hunter contracting jose 480-298-4294","Hunter Contracting                                   (Jose 480-298-4294)","1","","","NONE"
"intergrated concrete pumping","Intergrated Concrete Pumping","1","Intergrated Concrete Pumping","Intergrated Concrete Pumping","EXACT"
"iron mark buiding","Iron Mark Buiding Co","1","","","NONE"
"iron mark building","Iron Mark Building Co","1","","","NONE"
"k hovnanian homes land if requested for travis land",""K. Hovnanian Homes             (Land) (If requested for Travis ""Land"")"","1","","","NONE"
"kbd","KBD Group","1","KBD Group (Kajima Building & Design)","KBD Group (Kajima Building & Design)","STARTS_WITH"
"kiewit corporation gcpay certified sweeping 2hr min 9500","Kiewit Corporation     **** GCPay***     **Certified****   Sweeping 2hr min $95.00","1","","","NONE"
"kohler","Kohler Company","1","Kohler Company","Kohler Company","EXACT"
"kraus - anderson","Kraus - Anderson Construction","1","","","NONE"
"largo concrete inc job l1390 email cmoritzlargoconcretecom for po",""Largo Concrete","1","","","NONE"
"latitude 33","Latitude 33 Contracting LLC","1","Latitude 33 Contracting LLC","Latitude 33 Contracting LLC","EXACT"
"layton job 219020andrew 602-989-2319","Layton                                                    (Job# 219020)(Andrew 602-989-2319)","1","","","NONE"
"layton jake requesting water trucks 1112025","Layton                                 Jake requesting Water Trucks 11/1/2025","1","","","NONE"
"layton job 229012 justin 602-316-0024","Layton                     (Job#  229012)      (Justin 602-316-0024)","1","","","NONE"
"layton aaron 480-737-7532 job 257001","Layton                 Aaron 480-737-7532     (Job# 257001  )","1","","","NONE"
"layton job 2475504 billing in textura when out of money send to seth dan cor",""Layton           (Job#  2475504) Billing in Textura","1","","","NONE"
"legacy site","Legacy Site Development","1","Legacy Site Development","Legacy Site Development","EXACT"
"low mountain construction job 23200 certified","Low Mountain Construction    (Job 23200)   **** Certified****","1","Low Mountain Construction","Low Mountain Construction","STARTS_WITH"
"low mountain construction job 23320 decklin 602-909-2764","Low Mountain Construction    (Job 23320)      (Decklin 602-909-2764)","1","Low Mountain Construction","Low Mountain Construction","STARTS_WITH"
"m brothers 67th ave","M Brothers 67th Ave LLC","1","","","NONE"
"maris construction of az","Maris Construction of AZ","1","","","NONE"
"markham contracting job 94673","Markham Contracting                               (Job #94673)","1","Markham Contracting","Markham Contracting:Ross DC8 Grading- Buckeye","STARTS_WITH"
"markham contracting po 94746job 4889","Markham Contracting                               (PO 94746)(Job 4889)","1","Markham Contracting","Markham Contracting:Ross DC8 Grading- Buckeye","STARTS_WITH"
"markham contracting job 4669","Markham Contracting                   (Job #4669)","1","Markham Contracting","Markham Contracting:Ross DC8 Grading- Buckeye","STARTS_WITH"
"markham contracting job 4862","Markham Contracting                   (Job #4862)","1","Markham Contracting","Markham Contracting:Ross DC8 Grading- Buckeye","STARTS_WITH"
"markham contracting job 90691","Markham Contracting                   (Job #90691)","1","Markham Contracting","Markham Contracting:Ross DC8 Grading- Buckeye","STARTS_WITH"
"markham contracting job 95442","Markham Contracting                   (Job #95442)","1","Markham Contracting","Markham Contracting:Ross DC8 Grading- Buckeye","STARTS_WITH"
"markham contracting po 96884","Markham Contracting            (PO # 96884)","1","Markham Contracting","Markham Contracting:Ross DC8 Grading- Buckeye","STARTS_WITH"
"maydall construction job 222010","Maydall Construction                    (Job # 222010)","1","Maydall Construction","Maydall Construction","STARTS_WITH"
"mcshane constuction send cor to ed jack abby",""McShane Constuction   (Send COR to Ed & Jack","1","","","NONE"
"metro north monthly billing","Metro North                             MONTHLY BILLING","1","","","NONE"
"mgc contractors","MGC Contractors","1","","","NONE"
"mighty earth works ed 480-656-5638","Mighty Earth Works                (Ed 480-656-5638)","1","Mighty Earth Works","Mighty Earth Works","STARTS_WITH"
"mill creek residential mcr cor goes too cyothermcrtrustcom","Mill Creek Residential (MCR)                   (Cor goes too:  cyother@mcrtrust.com)","1","Mill Creek Residential","Mill Creek Residential:Amavi Queen Creek","STARTS_WITH"
"mill creek residential mcr has 20k cor to bill against - invoice submitted on textura","Mill Creek Residential (MCR)       (HAS $20K COR to bill against - Invoice submitted on Textura)","1","Mill Creek Residential","Mill Creek Residential:Amavi Queen Creek","STARTS_WITH"
"mill creek residential mcr invoice submitted in textura 10182023","Mill Creek Residential (MCR)       (Invoice submitted in Textura 10/18/2023)","1","Mill Creek Residential","Mill Creek Residential:Amavi Queen Creek","STARTS_WITH"
"mill creek residential mcr invoice submitted on cor now","Mill Creek Residential (MCR)       (Invoice submitted on COR now)","1","Mill Creek Residential","Mill Creek Residential:Amavi Queen Creek","STARTS_WITH"
"misson constructors ridgehouse","Misson Constructors (Ridgehouse)","1","","","NONE"
"mortenson construction job 24149010","Mortenson Construction          (Job #24149010)","1","Mortenson Construction","Mortenson Construction:24905 N 7th Ave Phoenix","STARTS_WITH"
"mortenson construction job 23149006","Mortenson Construction       (Job # 23149006)","1","Mortenson Construction","Mortenson Construction:24905 N 7th Ave Phoenix","STARTS_WITH"
"msl","MSL Contractor","1","","","NONE"
"near-cal corp certified","Near-Cal Corp                           (Certified)","1","","","NONE"
"new river electrical","New River Electrical Corp","1","New River Electrical Corp","New River Electrical Corp","EXACT"
"ngc new generation construction","NGC (New Generation Construction)","1","","","NONE"
"nkw","NKW","1","NKW Inc","NKW Inc","STARTS_WITH"
"okland construction job 2253","Okland Construction                       (Job # 2253)","1","","","NONE"
"okland construction job 2329","Okland Construction               (Job 2329)","1","","","NONE"
"pcdm","PCDM","1","","","NONE"
"penski logistics","Penski Logistics","1","","","NONE"
"pizzuti","Pizzuti","1","PIzzuti Companies","Pizzuti Companies","STARTS_WITH"
"poerio","Poerio Inc","1","Poerio Inc","Poerio Inc","EXACT"
"power","Power Contracting","1","","","NONE"
"premier design and build","Premier Design and Build Group","1","Premier Design and Build Group","Premier Design and Build Group","EXACT"
"primavera grading and paving","Primavera Grading and Paving","1","Primavera Grading and Paving","Primavera Grading and Paving","EXACT"
"pro low job 22190 migel 602-702-0517","Pro Low                      (Job # 22190)              Migel 602-702-0517","1","","","NONE"
"pro low job 24120 migel 602-702-0517","Pro Low                      (Job # 24120)              Migel 602-702-0517","1","","","NONE"
"pro low job 24200 migel 602-702-0517","Pro Low                      (Job # 24200)              Migel 602-702-0517","1","","","NONE"
"pro low job 22210 james 480-431-1656 jweldonpro-lowcom","Pro Low                  (Job #22210)       James 480-431-1656 (jweldon@pro-low.com)","1","","","NONE"
"pro low job 23070 james 480-431-1656","Pro Low                  (Job #23070)       James 480-431-1656","1","","","NONE"
"pro low job 22310 billy 602-689-0619","Pro Low                (Job # 22310)       (Billy 602-689-0619)","1","","","NONE"
"pro low job 239012 jorge 602-737-7815 - jchaparropro-lowcom","Pro Low                (Job # 239012)    Jorge 602-737-7815 - jchaparro@pro-low.com","1","","","NONE"
"pro low job 22060 jorge 602-737-7815 - jchaparropro-lowcom","Pro Low                (Job #22060)    Jorge 602-737-7815 - jchaparro@pro-low.com","1","","","NONE"
"pro low job 23150 carlos - cacostapro-lowcom","Pro Low                (Job #23150)      (Carlos - cacosta@pro-low.com)","1","","","NONE"
"pro low job 24060 carlos - 480-487-0687","Pro Low                (Job #24060)      (Carlos -  480-487-0687)","1","","","NONE"
"pro low job 24070 jorge 602-737-7815 - jchaparropro-lowcom","Pro Low                (Job #24070)    Jorge 602-737-7815 - jchaparro@pro-low.com","1","","","NONE"
"pro low job 25230 carlos - 480-487-0687","Pro Low                (Job #25230)      (Carlos -  480-487-0687)","1","","","NONE"
"pro low need project name job 23240","Pro Low                (NEED PROJECT NAME)     (Job #23240)","1","","","NONE"
"pro low need project name job 22250","Pro Low                (NEED PROJECT NAME)   (Job # 22250)","1","","","NONE"
"pro low job 24070 joe - jbustamantepro-lowcom","Pro Low               (Job # 24070) (Joe - jbustamante@pro-low.com)","1","","","NONE"
"pro low job 23060 joe - jbustamantepro-lowcom","Pro Low               (Job #23060) (Joe - jbustamante@pro-low.com)","1","","","NONE"
"proper site","Proper Site Services","1","Proper Site Services","Proper Site Services","EXACT"
"quest development po 1254 requested by rob","Quest Development                          (PO 1254)  Requested by Rob","1","","","NONE"
"quest development po 1255- hamton requested by eric","Quest Development                         (PO 1255- Hamton)   Requested by Eric","1","","","NONE"
"r r","R & R Construction","1","","","NONE"
"radius constractors","Radius Constractors","1","","","NONE"
"rapi dont need job name or","Rapi                                            (Don't need job name or #)","1","","","NONE"
"rbi phoenix reliance build inc","RBI Phoenix    (Reliance Build Inc)","1","","","NONE"
"red","Red Development","1","Red Development","Red Development","EXACT"
"remson","Remson Group","1","Remson Group","Remson Group:7300 E MacDonald","EXACT"
"remus","Remus","1","Remus","Remus","EXACT"
"rew kcg monthly billing","REW (KCG)                           MONTHLY BILLING","1","","","NONE"
"rhino job need need job and po numbers","Rhino                          (Job # need)     (Need job and PO numbers)","1","","","NONE"
"ricor need job tickets daves - dreedricorinccom","Ricor                          (NEED JOB # & TICKETS)    Dave's -  dreed@ricorinc.com","1","","","NONE"
"ricor need job tickets james 602-689-7023","Ricor                          (NEED JOB # & TICKETS)    James 602-689-7023","1","","","NONE"
"ricor need job tickets russell 602-909-0469","Ricor                          (NEED JOB # & TICKETS)    Russell 602-909-0469","1","","","NONE"
"roers put all on one cor","Roers                          (Put all on one COR)","1","","","NONE"
"rohm building development pay ap wwaiver","Rohm Building & Development                    Pay Ap / W/Waiver","1","Rohm Building & Development","Rohm Building & Development","STARTS_WITH"
"ryan companies money in contract to bill against","Ryan Companies                      (Money in contract to bill against)","1","","","NONE"
"ryan companies job 6186 cor to lizgorterryancompaniescom","Ryan Companies           (Job 6186)   COR to: liz.gorter@ryancompanies.com","1","","","NONE"
"rytan job 22-100-11wants job name address on invoice","Rytan                             (Job 22-100-11)(Wants Job # / Name & Address on invoice)","1","","","NONE"
"rytan job 23112-12wants job name address on invoice","Rytan                             (Job 23112-12)(Wants Job # / Name & Address on invoice)","1","","","NONE"
"rytan job 2322211wants job name address on invoice","Rytan                             (Job 2322211)(Wants Job # / Name & Address on invoice)","1","","","NONE"
"rytan job 24-204 name address on invoice","Rytan                  (Job 24-204 / Name & Address on invoice)","1","","","NONE"
"schultz","Schultz Development Corp","1","Schultz Development Corp","Schultz Development Corp","EXACT"
"smart builders llc job 250302",""Smart Builders","1","","","NONE"
"sodella construction eddie 602-568-4045","SoDella Construction                  (Eddie 602-568-4045)","1","","","NONE"
"spg transportaion","SPG Transportaion Inc","1","","","NONE"
"sportsman concrete","Sportsman Concrete","1","Sportsman Concrete","Sportsman Concrete","EXACT"
"starlight homes marc 480-417-3202 max spiger 602-919-4537","Starlight Homes                       Marc 480-417-3202 / Max Spiger 602-919-4537","1","Starlight Homes","Starlight Homes:Amarillo Creek","STARTS_WITH"
"starlight homes mikesmyersstarlighthomescom","Starlight Homes                    (Mike.Smyers@starlighthomes.com)","1","Starlight Homes","Starlight Homes:Amarillo Creek","STARTS_WITH"
"starlight homes todd nuttall - land - toddnuttallashtonwoodscom","Starlight Homes        (Todd Nuttall - LAND - todd.nuttall@ashtonwoods.com)","1","Starlight Homes","Starlight Homes:Amarillo Creek","STARTS_WITH"
"state 48 asphalt","State 48 Asphalt","1","State 48 Asphalt","State 48 Asphalt","EXACT"
"stickelmyer steve 605-228-3249",""Stickelmyer","1","","","NONE"
"sun eagle","Sun Eagle Corporation","1","Sun Eagle Corporation","Sun Eagle Corporation","EXACT"
"sun land asphalt po 39140","Sun Land Asphalt                                    (PO  39140)","1","","","NONE"
"sun land asphalt po 203144","Sun Land Asphalt                                    (PO 203144)","1","","","NONE"
"sun land asphalt po 31082","Sun Land Asphalt                                    (PO 31082)","1","","","NONE"
"sun land asphalt po 35671","Sun Land Asphalt                                    (PO 35671 )","1","","","NONE"
"sun land asphalt po 3569901","Sun Land Asphalt                                    (PO 35699.01)","1","","","NONE"
"sun land asphalt po 36337","Sun Land Asphalt                                    (PO 36337)","1","","","NONE"
"sun land asphalt po 36492","Sun Land Asphalt                                    (PO 36492)","1","","","NONE"
"sun land asphalt po 37592","Sun Land Asphalt                                    (PO 37592)","1","","","NONE"
"sun land asphalt po 38050","Sun Land Asphalt                                    (PO 38050)","1","","","NONE"
"sun land asphalt po 38637","Sun Land Asphalt                                    (PO 38637)","1","","","NONE"
"sun land asphalt po 39445","Sun Land Asphalt                                    (PO 39445)","1","","","NONE"
"sun land asphalt po 39447","Sun Land Asphalt                                    (PO 39447)","1","","","NONE"
"sun land asphalt po 39871","Sun Land Asphalt                                    (PO 39871)","1","","","NONE"
"sun land asphalt po 41099","Sun Land Asphalt                                    (PO 41099)","1","","","NONE"
"sun land asphalt po 41520","Sun Land Asphalt                                    (PO 41520)","1","","","NONE"
"sun land asphalt po 8283401","Sun Land Asphalt                                    (PO 82834.01)","1","","","NONE"
"sun land asphalt po 37457 angel 602-540-5374","Sun Land Asphalt             (PO 37457)  Angel 602-540-5374","1","","","NONE"
"synergy commercial","Synergy Commercial","1","","","NONE"
"the whiting turner email cor to jjsellnerwhiting-turnercom","The Whiting Turner                 (Email COR to JJ.Sellner@whiting-turner.com)","1","","","NONE"
"the whiting turner send cor to alec - alecdominguezwhiting-turnercom","The Whiting Turner          (Send COR to Alec - alec.dominguez@whiting-turner.com","1","","","NONE"
"thompson thrift construction stephen griffin 918-954-6611","Thompson Thrift Construction        (Stephen Griffin 918-954-6611)","1","","","NONE"
"thompson thrift construction robert 949-563-1480 - rkroenerthompsonthriftcom","Thompson Thrift Construction      (Robert  949-563-1480 -  rkroener@thompsonthrift.com","1","","","NONE"
"thompson thrift construction robert 949-563-1480 send cor to plaurinaitisthompsonthriftcomcomitchellthompsonthriftcom","Thompson Thrift Construction      (Robert  949-563-1480)  (Send COR to  plaurinaitis@thompsonthrift.com;comitchell@thompsonthrift.com)","1","","","NONE"
"thompson thrift construction send cor to ballisonthompsonthriftcomzweaverthompsonthriftcom","Thompson Thrift Construction      (Send COR to  ballison@thompsonthrift.com;zweaver@thompsonthrift.com)","1","","","NONE"
"thunder mountain excavating","Thunder Mountain Excavating","1","Thunder Mountain Excavating","Thunder Mountain Excavating","EXACT"
"tlw construction cor to bradtlwconstructioncom - submit in procore","TLW Construction                          (COR to brad@tlwconstruction.com - Submit in Procore)","1","TLW Construction","TLW Construction:Chandler Heights Self Storage","STARTS_WITH"
"tlw construction cor to troytlwconstructioncom","TLW Construction                          (COR to troy@tlwconstruction.com)","1","TLW Construction","TLW Construction:Chandler Heights Self Storage","STARTS_WITH"
"tlw construction job 23-144","TLW Construction                       (Job #23-144)","1","TLW Construction","TLW Construction:Chandler Heights Self Storage","STARTS_WITH"
"tlw construction cor to enriqutlwconstructioncom","TLW Construction               (COR to:  enriqu@tlwconstruction.com)","1","TLW Construction","TLW Construction:Chandler Heights Self Storage","STARTS_WITH"
"tlw construction job 23-138 cor to jack","TLW Construction              Job # 23-138    (COR to Jack)","1","TLW Construction","TLW Construction:Chandler Heights Self Storage","STARTS_WITH"
"tlw construction job 23-141 cor to troy and katherinee","TLW Construction         (Job # 23-141)      COR to Troy and Katherinee","1","TLW Construction","TLW Construction:Chandler Heights Self Storage","STARTS_WITH"
"tlw construction job 23-146 cor to enriquetlwconstructioncom","TLW Construction    (Job 23-146)  COR to enrique@tlwconstruction.com","1","TLW Construction","TLW Construction:Chandler Heights Self Storage","STARTS_WITH"
"tofel dent consstruction","Tofel Dent Consstruction","1","","","NONE"
"torrent frankie 480-340-0916","Torrent                                                  (Frankie 480-340-0916)","1","","","NONE"
"torrent joe 623-203-0797","Torrent                                                  (Joe 623-203-0797)","1","","","NONE"
"travel centers of america monthly billing","Travel Centers of America         MONTHLY BILLING","1","Travel Centers of America","Travel Centers of America","STARTS_WITH"
"trilogy custom","Trilogy Custom Builders","1","Trilogy Custom Builders","Trilogy Custom Builders:13847 N Sunset Dr","EXACT"
"united rental use location id 465","United Rental                                  (Use Location ID: 465)","1","United Rental","United Rental","STARTS_WITH"
"we oneil send cor to mwalshweoneilcombmooreweoneilcom","W.E. O'Neil                                       (Send COR to mwalsh@weoneil.com;bmoore@weoneil.com)","1","W.E. O'Neil","W.E. O'Neil:55 Resort Scottsdale","STARTS_WITH"
"waltz construction steven 206-755-2279","Waltz Construction                             (Steven 206-755-2279)","1","Waltz Construction","Waltz Construction","STARTS_WITH"
"waltz construction matt 602-481-3883","Waltz Construction           (Matt 602-481-3883)","1","Waltz Construction","Waltz Construction","STARTS_WITH"
"waste management butterfield station",""Waste Management","1","Waste Management","Waste Management:1 WM - Contain Dept","STARTS_WITH"
"waste management deer valley transfer",""Waste Management","1","Waste Management","Waste Management:1 WM - Contain Dept","STARTS_WITH"
"waste management ironwood kevin 602-4950email invoice first to mflores9wmcom",""Waste Management","1","Waste Management","Waste Management:1 WM - Contain Dept","STARTS_WITH"
"waste management lone butte transfer",""Waste Management","1","Waste Management","Waste Management:1 WM - Contain Dept","STARTS_WITH"
"waste management phoenix hauling north",""Waste Management","1","Waste Management","Waste Management:1 WM - Contain Dept","STARTS_WITH"
"waste management phoenix hauling south",""Waste Management","1","Waste Management","Waste Management:1 WM - Contain Dept","STARTS_WITH"
"waste management san tan transfer",""Waste Management","1","Waste Management","Waste Management:1 WM - Contain Dept","STARTS_WITH"
"waste management sky harbor transfer",""Waste Management","1","Waste Management","Waste Management:1 WM - Contain Dept","STARTS_WITH"
"waste management white tanks parkinghauling scale",""Waste Management","1","Waste Management","Waste Management:1 WM - Contain Dept","STARTS_WITH"
"waste management white tanks transfer",""Waste Management","1","Waste Management","Waste Management:1 WM - Contain Dept","STARTS_WITH"
"wd construction weis builders send cor to marcellacalzadoweisbuilderscom","WD Construction (Weis Builders)           (Send COR to MarcellaCalzado@Weisbuilders.com)","1","WD Construction (Weis Builders)","WD Construction (Weis Builders):Aviata","STARTS_WITH"
"we fix it auto repair","We Fix It  Auto Repair","1","We Fix It Auto Repair","We Fix It Auto Repair","EXACT"
"weitz company matt leroy 602-225-0225","Weitz Company            (Matt Leroy 602-225-0225)","1","","","NONE"
"wespac construction 3hr min","Wespac Construction                                        (3hr min)","1","Wespac Construction","Wespac Construction:Mayo Casita #4- Labor & Fees","STARTS_WITH"
"wespac construction lwrightwespacazcom for cor","Wespac Construction                                lwright@wespacaz.com for COR","1","Wespac Construction","Wespac Construction:Mayo Casita #4- Labor & Fees","STARTS_WITH"
"wespac construction job 1-25az01-027","Wespac Construction                            Job # 1-25AZ01-027","1","Wespac Construction","Wespac Construction:Mayo Casita #4- Labor & Fees","STARTS_WITH"
"wespac construction job 1-21az01-089","Wespac Construction                           (Job # 1-21AZ01-089)","1","Wespac Construction","Wespac Construction:Mayo Casita #4- Labor & Fees","STARTS_WITH"
"wespac construction job 1-24az01-029 send cor wpacewespacazcomiwrightwespacazcom","Wespac Construction             (Job # 1-24AZ01-029) send COR wpace@wespacaz.com;iwright@wespacaz.com","1","Wespac Construction","Wespac Construction:Mayo Casita #4- Labor & Fees","STARTS_WITH"
"wespac construction job 1-23az01-038 billed in textura","Wespac Construction             (Job 1-23AZ01-038)            Billed in Textura","1","Wespac Construction","Wespac Construction:Mayo Casita #4- Labor & Fees","STARTS_WITH"
"wespac construction 1-23az01-009 wpacewespacazcommmcpherronwespacazcom","Wespac Construction           (1-23AZ01-009) wpace@wespacaz.com;mmcpherron@wespacaz.com","1","Wespac Construction","Wespac Construction:Mayo Casita #4- Labor & Fees","STARTS_WITH"
"wild west asphalt","Wild West Asphalt LLC","1","Wild West Asphalt LLC","Wild West Asphalt LLC","EXACT"
"willmeng job 25-03-3950","Willmeng                                          Job  25-03-3950","1","","","NONE"
"willmeng cor to mnasiriwillmengcom","Willmeng                                    (COR to mnasiri@willmeng.com)","1","","","NONE"
"willmeng invoice for contract billing","Willmeng                                    (Invoice for contract billing)","1","","","NONE"
"willmeng job 22-03-3649","Willmeng                                    (Job #22-03-3649)","1","","","NONE"
"willmeng job 25-07-3920","Willmeng                                    (Job 25-07-3920)","1","","","NONE"
"willmeng job 22-02-3554","Willmeng                                   (Job # 22-02-3554)","1","","","NONE"
"willmeng job 24-02-3853","Willmeng                                   (Job # 24-02-3853)","1","","","NONE"
"willmeng job 24-02-3869 mark said use this","Willmeng                                  Job #24-02-3869  (Mark said use this #)","1","","","NONE"
"willmeng need jobs","Willmeng                              (Need Jobs #)","1","","","NONE"
"willmeng job 24-02-3897","Willmeng                            (Job # 24-02-3897)","1","","","NONE"
"willmeng job 25-03-3931","Willmeng                            (Job # 25-03-3931)","1","","","NONE"
"willmeng job 25023946","Willmeng                           (Job # 25023946)","1","","","NONE"
"willmeng job 24-01-3857","Willmeng                           (Job #24-01-3857)","1","","","NONE"
"willmeng job 25013915 patrick smith 480-824-3138","Willmeng                        (Job 25013915)  Patrick Smith 480-824-3138","1","","","NONE"
"willmeng send cor to bbakerwillmengcombcarrollwillmengcom","Willmeng                        (Send COR to  bbaker@willmeng.com;bcarroll@willmeng.com)","1","","","NONE"
"willmeng dandersonwillmengcom job 23-03-3747","Willmeng                      (danderson@willmeng.com)     (Job # 23-03-3747)","1","","","NONE"
"willmeng job 23-01-3697","Willmeng                      (Job 23-01-3697)","1","","","NONE"
"willmeng job 23-03-3721","Willmeng                      (Job 23-03-3721)","1","","","NONE"
"willmeng job 23-07-3727","Willmeng                      (Job 23-07-3727)","1","","","NONE"
"willmeng cor goes to jaddiswillmengcomascottwillmengcom","Willmeng                 (COR goes to  jaddis@willmeng.com;ascott@willmeng.com)","1","","","NONE"
"willmeng cor smersereauwillmengcomtnezwillmengcom","Willmeng           (COR smersereau@willmeng.com;tnez@willmeng.com)","1","","","NONE"
"richard richard construction r r","Richard & Richard Construction (R & R)","1","","","NONE"
"richard group llc paused till september",""RICHARD GROUP","1","Richard Group LLC","Richard Group LLC","STARTS_WITH"
"mark scott constrution","MARK SCOTT CONSTRUTION INC","1","","","NONE"
"a5 design","A5 DESIGN & CONSTRUCTION","1","A5 Design & Construction","A5 Design & Construction","EXACT"
"alston contruction","ALSTON CONTRUCTION","1","","","NONE"
"bleu wave","BLEU WAVE","1","","","NONE"
"clyde capital","CLYDE CAPITAL LLC","1","","","NONE"
"common wealth","COMMON WEALTH CONSTRUCTION","1","","","NONE"
"csi construcion","CSI CONSTRUCION","1","","","NONE"
"gm northrup","G.M NORTHRUP CORPORATION","1","","","NONE"
"gunsight","GUNSIGHT","1","","","NONE"
"project cactus","PROJECT CACTUS","1","","","NONE"
"quest dc","QUEST D&C","1","","","NONE"
"r l commercial investments","R & L COMMERCIAL INVESTMENTS","1","","","NONE"
"robert n ewing con","Robert N Ewing Con.","1","","","NONE"
"sandstorm contruction","SANDSTORM CONTRUCTION","1","","","NONE"
"schwob building","SCHWOB BUILDING CO","1","Schwob Building Co. LTD","Schwob Building Co. LTD","STARTS_WITH"
"shanes grading paving","SHANES GRADING & PAVING SERVICES","1","","","NONE"
"southwest design building","SOUTHWEST DESIGN BUILDING","1","","","NONE"
"we oniel","W.E. ONIEL","1","","","NONE"
"z zone","Z ZONE CONSTRUCTION","1","","","NONE"
"terra-nova","TERRA-NOVA","1","","","NONE"
"quest development","QUEST DEVELOPMENT & CONSTRUCTION","1","Quest Development & Constuction","Quest Development & Constuction","STARTS_WITH"
"j n peblar","J N PEBLAR","1","","","NONE"
"brw","BRW CONTRACTING","1","BRW Contracting LLC","BRW Contracting LLC","STARTS_WITH"
"scott dluzen","SCOTT DLUZEN","1","","","NONE"
"pwi residental","PWI RESIDENTAL","1","","","NONE"
"next gen","NEXT GEN","1","","","NONE"
"arco contruction","ARCO CONTRUCTION","1","","","NONE"
"wd builders 2 projects combiined","WD BUILDERS  2 PROJECTS COMBIINED","1","","","NONE"
"parkway construction changed to ndc","PARKWAY CONSTRUCTION Changed to NDC","1","","","NONE"
"vantassel proctor","VANTASSEL PROCTOR","1","","","NONE"
"tb penick and sons","TB PENICK AND SONS INC","1","","","NONE"
"rohm buildng and development canceled","ROHM BUILDNG AND DEVELOPMENT CANCELED","1","","","NONE"
"willmeng canceled","WILLMENG Canceled","1","","","NONE"
"tlw construction doing own inspections","TLW CONSTRUCTION Doing own inspections","1","TLW Construction","TLW Construction:Chandler Heights Self Storage","STARTS_WITH"
"embrey builders llc final 12-9-24",""EMBREY BUILDERS","1","","","NONE"
"lloyd contruction","LLOYD CONTRUCTION COMPANY","1","","","NONE"
"armays inspection not estimated","ARMAYS Inspection not Estimated","1","","","NONE"
"bfl construction not in estimate","BFL CONSTRUCTION Not in Estimate","1","","","NONE"
"frontera building company not in estimate","FRONTERA BUILDING COMPANY Not in Estimate","1","Frontera Building Company","Frontera Building Company:10211 N 32nd St - Phoenix","STARTS_WITH"
"esi construction canceled","ESI CONSTRUCTION    CANCELED","1","","","NONE"
"re spur","R.E. SPUR CONSTRUCTION","1","","","NONE"
"willmeng doing own inspections","WILLMENG Doing own inspections","1","","","NONE"
"frontera building company not in contract","FRONTERA BUILDING COMPANY   Not in Contract","1","Frontera Building Company","Frontera Building Company:10211 N 32nd St - Phoenix","STARTS_WITH"
"we oneil not in contract","W.E ONEIL  Not in Contract","1","","","NONE"
"copper sunrise llc co glenn walling","COPPER SUNRISE LLC C/O GLENN WALLING","1","Copper Sunrise LLC","Copper Sunrise LLC","STARTS_WITH"
"caliente construction not contracted","CALIENTE CONSTRUCTION   Not contracted","1","Caliente Construction","Caliente Construction:Busy Bees Brown Rd","STARTS_WITH"
"richmondbuilders1922147","RichmondBuilders1922147","1","","","NONE"
"richmondbuildersinc1922109","RichmondBuildersInc1922109","1","","","NONE"
"unboundphase1propertyownerllc1922152","UnboundPhase1PropertyOwnerLLC1922152","1","","","NONE"
"gs peoria residential owner","GS Peoria Residential Owner","1","","","NONE"
"gbfrpeoriaplacellccomarshusa","GBFRPeoriaPlaceLLCcoMarshUSAInc","1","","","NONE"
"gs-sm album surprise owner","GS-SM Album Surprise Owner","1","","","NONE"
"gilbert baseline owner","Gilbert & Baseline Owner","1","","","NONE"
"tempe206sfarmeravellccomarshmclennan1922150","Tempe206SFarmerAveLLCcoMarshMcLennan1922150","1","","","NONE"
"the ideal company-clayton","The Ideal Company-Clayton Group","1","","","NONE"
"sparrow construction headwaters","Sparrow Construction Headwaters","1","","","NONE"
"stine","Stine Enterprises","1","","","NONE"
"sdc technology","SDC Technology Services","1","","","NONE"
"shrader martinez construction usa","Shrader Martinez Construction USA","1","","","NONE"
"axis pointe","Axis Pointe","1","","","NONE"
"aon risk services centra l","Aon Risk Services Centra lInc","1","","","NONE"
"arco-murray national","ARCO-Murray National Construction Company Inc","1","","","NONE"
"8th farmer","8th & Farmer LLC","1","","","NONE"
"higley road apartments owner","Higley Road Apartments Owner","1","","","NONE"
"hitt","HITT Contracting Inc","1","","","NONE"
"haydon companies","Haydon Companies","1","","","NONE"
"hardy rio","Hardy Rio Holdings","1","","","NONE"
"hbi commercial","HBI Commercial Construction","1","","","NONE"
"monterey ridge condominium association","Monterey Ridge Condominium Association","1","","","NONE"
"mcrefiiikierlandapartmentsllccomarshusainc1922144","MCREFIIIKierlandApartmentsLLCcoMarshUSAInc1922144","1","","","NONE"
"mattamy homes","Mattamy Homes Corporation","1","","","NONE"
"jedunnconstructioncompany1922139","JEDunnConstructionCompany1922139","1","","","NONE"
"cm bowen","CM Bowen Contracting LLC","1","","","NONE"
"calbenuscorporationinsurancecompliance1922099","CalbenUSCorporationInsuranceCompliance1922099","1","","","NONE"
"concrod general","Concrod General Contracting","1","","","NONE"
"city of phoenix housing department","City of Phoenix Housing Department","1","","","NONE"
"cactus valley homes","Cactus Valley Homes","1","Cactus Valley Homes","Cactus Valley Homes","EXACT"
"clune construction sompany","Clune Construction Sompany","1","Clune Construction","Clune Construction","STARTS_WITH"
"dr horton inc its affiliates and subsidiaries","DR Horton Inc its affiliates and subsidiaries","1","","","NONE"
"david weekly homes","David Weekly Homes","1","","","NONE"
"devco preservation","DevCo Preservation","1","","","NONE"
"devco u s","DevCo U S Construction","1","","","NONE"
"econosmart property","Econosmart Property Services LLC","1","","","NONE"
"bf","BF Contracting Inc","1","","","NONE"
"kbe building","KBE Building Corporation","1","KBE Building Corporation","KBE Building Corporation","EXACT"
"k hovannian","K Hovannian","1","","","NONE"
"porter kyle multifamily builders developers","Porter Kyle Multifamily Builders & Developers","1","","","NONE"
"w w clyde","W W Clyde Co","1","","","NONE"
"wd construction llc -","WD Construction LLC -","1","","","NONE"
"weekley homes","Weekley Homes LLC","1","","","NONE"
"roxteel industrial","Roxteel Industrial","1","Roxteel Industrial","Roxteel Industrial","EXACT"
"industrial metal supply","Industrial Metal Supply","1","","","NONE"
"idmbuildsazllc1922374","IDMBuildsAZLLC1922374","1","","","NONE"
"industria lmetal supply","Industria lMetal Supply","1","","","NONE"
"green valleyf irestation 15","GREEN VALLEYF IRESTATION #15","1","","","NONE"
"green valleyf irestation 152","GREEN VALLEYF IRESTATION #152","1","","","NONE"
"tdcproperties","TDCProperties","1","","","NONE"
"the pizzuti companies","The Pizzuti Companies","1","","","NONE"
"tri state","Tri State General Contractors","1","","","NONE"
"tdcproperties1922309","TDCProperties1922309","1","","","NONE"
"tsg constructors -wickenburg truck barn","TSG Constructors -Wickenburg Truck Barn","1","","","NONE"
"sportsmans concrete","Sportsmans Concrete","1","","","NONE"
"sparrowpartners1922397","SparrowPartners1922397","1","","","NONE"
"spitfire","Spitfire Builders","1","","","NONE"
"swp paving","SWP Paving","1","","","NONE"
"sdbcontractingservices1922231","SDBContractingServices1922231","1","","","NONE"
"schoolhouse","Schoolhouse Development","1","","","NONE"
"smoke tree resort and bungalows","Smoke Tree Resort and Bungalows","1","","","NONE"
"sunland asphalt -any and all jobs","Sunland Asphalt -Any and All Jobs","1","Sunland Asphalt","Sunland Asphalt:1221 E Mckellips - Mesa","STARTS_WITH"
"sachse","Sachse Construction","1","","","NONE"
"schoolhhouse","Schoolhhouse Development","1","","","NONE"
"summit construction of nevada","Summit Construction of Nevada","1","","","NONE"
"finishing consultants","Finishing Consultants","1","","","NONE"
"fairmont princess","Fairmont Princess","1","Fairmont Princess","Fairmont Princess","EXACT"
"habitat for humanity central arizona","Habitat for Humanity Central Arizona","1","Habitat for Humanity","Habitat for Humanity","STARTS_WITH"
"haworthcorporation1922371","HaworthCorporation1922371","1","","","NONE"
"microsoft","Microsoft Corp","1","","","NONE"
"magnumpaving1922381","MagnumPaving1922381","1","","","NONE"
"microsoft corp- phx 7","Microsoft Corp- PHX 7","1","","","NONE"
"m greenberg","M Greenberg Construction","1","","","NONE"
"cityofmesaparksandrecreationdepartment1922370","CityofMesaParksandRecreationDepartment1922370","1","","","NONE"
"city of mesa parks and recreation department","City of Mesa Parks and Recreation Department","1","","","NONE"
"copper basin","COPPER BASIN CONSTRUCTION LLC","1","Copper Basin","Copper Basin","EXACT"
"cal-am properties","Cal-Am Properties","1","","","NONE"
"clayco inc the cubes at mesa gateway","Clayco Inc The Cubes at Mesa Gateway","1","Clayco","Clayco:Cubes at Meridian 24","STARTS_WITH"
"development services city of mesa","Development Services City of Mesa","1","","","NONE"
"drd investment","DRD Investment Group","1","","","NONE"
"venture construction company -chilis grfill bar","Venture Construction Company -Chilis Grfill & Bar","1","Venture Construction Company","Venture Construction Company","STARTS_WITH"
"bowman consulting","Bowman Consulting","1","","","NONE"
"krb","KRB Development","1","","","NONE"
"k2k","K2K LLC","1","","","NONE"
"lattitude 33","Lattitude 33 Contracting","1","","","NONE"
"paccar financial","Paccar Financial Corp","1","","","NONE"
"intergrity building","Intergrity Building","1","","","NONE"
"owner contractorclay","OWNER/ CONTRACTOR:Clayco","1","","","NONE"
"sonoran west","Sonoran West Construction","1","","","NONE"
"engelwood",""Engelwood Construction","1","","","NONE"
"rsi construction ron sparks","RSI Construction (Ron Sparks)","1","","","NONE"
"stevens lein weber","Stevens Lein Weber Inc.","1","","","NONE"
"james lang","James Lang","1","James Lang","Lang James","EXACT"
"f1 paving and grading","F1 Paving and Grading","1","","","NONE"
"ap global contractors","AP Global Contractors","1","AP Global Contractors","AP Global Contractors:12250 N Sarival","EXACT"
"kopras home",""Kopras Home","1","","","NONE"
"porter acme- was dwill-mast","Porter Acme- was Dwill-Mast Construction LLC","1","","","NONE"
"ntc build","NTC Build????","1","","","NONE"
"owner contractormaris","OWNER/ CONTRACTOR:Maris Construction","1","","","NONE"
"bcc constracting",""BCC Constracting","1","","","NONE"
"hat trick investments","Hat Trick Investments","1","Hat Trick Investments","Hat Trick Investments","EXACT"
"tweet garot mechanical","Tweet Garot Mechanical Inc.","1","","","NONE"
"soilwork","Soilwork","1","Soilworks","Soilworks","STARTS_WITH"
"z- modular","Z- Modular","1","","","NONE"
"distinctive development group llc aka maa remodiling","Distinctive Development Group LLC (AKA MAA Remodiling)","1","","","NONE"
"d square","D Square","1","","","NONE"
"e-","E-Corp","1","","","NONE"
"nfc constracting","NFC Constracting Group","1","","","NONE"
"idm construction az","IDM Construction AZ LLC","1","IDM Construction AZ LLC","IDM Construction AZ LLC:29th Ave and Bronco Butte","EXACT"
"hoffman","HOFFMAN CONSTRUCTION COMPANY","1","","","NONE"
"fairway","FAIRWAY BUILDERS","1","","","NONE"